deviceName,deviceID,meteID,meteCode,meteKind,meteName,meteNo,deviceType,deviceTypeName,roomName,meteType,meteKindName
"11本地调试设备","00001006000000201851","6207600076101000001","076101","2","FSU复位","0","76","动环监控","11本地调试机房","2","遥控"
"11本地调试设备","00001006000000201851","6207600076301000001","076301","1","FSU硬盘占用率","0","76","动环监控","11本地调试机房","1","遥测"
"11本地调试设备","00001006000000201851","6207600076302000001","076302","1","内存占用率","0","76","动环监控","11本地调试机房","1","遥测"
"11本地调试设备","00001006000000201851","6207600076303000001","076303","1","CPU使用率","0","76","动环监控","11本地调试机房","1","遥测"
"高压配电柜","00001006000000201852","6200100001301000001","001301","1","线电压Uab","0","1","高压配电","11本地调试机房","1","遥测"
"低压交流配电","00001006000000201853","6200200002101000001","002101","2","低压开关合闸","0","2","低压交流配电","11本地调试机房","2","遥控"
"低压交流配电","00001006000000201853","6200200002102000001","002102","2","低压开关分闸","0","2","低压交流配电","11本地调试机房","2","遥控"
"低压交流配电","00001006000000201853","6200200002103000001","002103","2","ATS合闸到I位","0","2","低压交流配电","11本地调试机房","2","遥控"
"低压交流配电","00001006000000201853","6200200002104000001","002104","2","ATS合闸到II位","0","2","低压交流配电","11本地调试机房","2","遥控"
"低压交流配电","00001006000000201853","6200200002105000001","002105","2","ATS合闸到O位","0","2","低压交流配电","11本地调试机房","2","遥控"
"低压交流配电","00001006000000201853","6200200002301000001","002301","1","线电压Uab","0","2","低压交流配电","11本地调试机房","1","遥测"
"低压交流配电","00001006000000201853","6200200002302000001","002302","1","相电流Ia","0","2","低压交流配电","11本地调试机房","1","遥测"
"低压交流配电","00001006000000201853","6200200002303000001","002303","1","相电压Ua","0","2","低压交流配电","11本地调试机房","1","遥测"
"低压交流配电","00001006000000201853","6200200002304000001","002304","1","A相功率因数","0","2","低压交流配电","11本地调试机房","1","遥测"
"低压交流配电","00001006000000201853","6200200002305000001","002305","1","视在功率Sa","0","2","低压交流配电","11本地调试机房","1","遥测"
"低压交流配电","00001006000000201853","6200200002306000001","002306","1","无功功率Qa","0","2","低压交流配电","11本地调试机房","1","遥测"
"低压交流配电","00001006000000201853","6200200002307000001","002307","1","有功功率Pa","0","2","低压交流配电","11本地调试机房","1","遥测"
"低压交流配电","00001006000000201853","6200200002308000001","002308","1","线电压Ubc","0","2","低压交流配电","11本地调试机房","1","遥测"
"低压交流配电","00001006000000201853","6200200002309000001","002309","1","相电流Ib","0","2","低压交流配电","11本地调试机房","1","遥测"
"低压交流配电","00001006000000201853","6200200002310000001","002310","1","相电压Ub","0","2","低压交流配电","11本地调试机房","1","遥测"
"低压交流配电","00001006000000201853","6200200002311000001","002311","1","B相功率因数","0","2","低压交流配电","11本地调试机房","1","遥测"
"低压交流配电","00001006000000201853","6200200002312000001","002312","1","视在功率Sb","0","2","低压交流配电","11本地调试机房","1","遥测"
"低压交流配电","00001006000000201853","6200200002313000001","002313","1","无功功率Qb","0","2","低压交流配电","11本地调试机房","1","遥测"
"低压交流配电","00001006000000201853","6200200002314000001","002314","1","有功功率Pb","0","2","低压交流配电","11本地调试机房","1","遥测"
"低压交流配电","00001006000000201853","6200200002315000001","002315","1","线电压Uca","0","2","低压交流配电","11本地调试机房","1","遥测"
"低压交流配电","00001006000000201853","6200200002316000001","002316","1","相电流Ic","0","2","低压交流配电","11本地调试机房","1","遥测"
"低压交流配电","00001006000000201853","6200200002317000001","002317","1","相电压Uc","0","2","低压交流配电","11本地调试机房","1","遥测"
"低压交流配电","00001006000000201853","6200200002318000001","002318","1","C相功率因数","0","2","低压交流配电","11本地调试机房","1","遥测"
"低压交流配电","00001006000000201853","6200200002319000001","002319","1","视在功率Sc","0","2","低压交流配电","11本地调试机房","1","遥测"
"低压交流配电","00001006000000201853","6200200002320000001","002320","1","无功功率Qc","0","2","低压交流配电","11本地调试机房","1","遥测"
"低压交流配电","00001006000000201853","6200200002321000001","002321","1","有功功率Pc","0","2","低压交流配电","11本地调试机房","1","遥测"
"低压交流配电","00001006000000201853","6200200002322000001","002322","1","零线电流","0","2","低压交流配电","11本地调试机房","1","遥测"
"低压交流配电","00001006000000201853","6200200002323000001","002323","1","投切步数","0","2","低压交流配电","11本地调试机房","1","遥测"
"低压交流配电","00001006000000201853","6200200002324000001","002324","1","总功率因数","0","2","低压交流配电","11本地调试机房","1","遥测"
"低压交流配电","00001006000000201853","6200200002325000001","002325","1","内部温度","0","2","低压交流配电","11本地调试机房","1","遥测"
"低压交流配电","00001006000000201853","6200200002326000001","002326","1","基波电流","0","2","低压交流配电","11本地调试机房","1","遥测"
"低压交流配电","00001006000000201853","6200200002327000001","002327","1","控制器温度","0","2","低压交流配电","11本地调试机房","1","遥测"
"低压交流配电","00001006000000201853","6200200002328000001","002328","1","电压畸变率","0","2","低压交流配电","11本地调试机房","1","遥测"
"低压交流配电","00001006000000201853","6200200002329000001","002329","1","总电流畸变率","0","2","低压交流配电","11本地调试机房","1","遥测"
"低压交流配电","00001006000000201853","6200200002330000001","002330","1","正向有功电能","0","2","低压交流配电","11本地调试机房","1","遥测"
"低压交流配电","00001006000000201853","6200200002331000001","002331","1","正向无功电能","0","2","低压交流配电","11本地调试机房","1","遥测"
"低压交流配电","00001006000000201853","6200200002332000001","002332","1","反向有功电能","0","2","低压交流配电","11本地调试机房","1","遥测"
"低压交流配电","00001006000000201853","6200200002333000001","002333","1","反向无功电能","0","2","低压交流配电","11本地调试机房","1","遥测"
"低压交流配电","00001006000000201853","6200200002334000001","002334","1","IGBT温度","0","2","低压交流配电","11本地调试机房","1","遥测"
"低压交流配电","00001006000000201853","6200200002401000001","002401","4","继电器XX输出状态","0","2","低压交流配电","11本地调试机房","0","遥信"
"低压交流配电","00001006000000201853","6200200002402000001","002402","4","继电器XX输入状态","0","2","低压交流配电","11本地调试机房","0","遥信"
"低压交流配电","00001006000000201853","6200200002403000001","002403","4","分合闸状态","0","2","低压交流配电","11本地调试机房","0","遥信"
"变压器","00001006000000201854","6200300003101000001","003101","2","风机关控制","0","3","变压器","11本地调试机房","2","遥控"
"变压器","00001006000000201854","6200300003102000001","003102","2","风机开控制","0","3","变压器","11本地调试机房","2","遥控"
"变压器","00001006000000201854","6200300003301000001","003301","1","A相温度","0","3","变压器","11本地调试机房","1","遥测"
"变压器","00001006000000201854","6200300003302000001","003302","1","B相温度","0","3","变压器","11本地调试机房","1","遥测"
"变压器","00001006000000201854","6200300003303000001","003303","1","C相温度","0","3","变压器","11本地调试机房","1","遥测"
"变压器","00001006000000201854","6200300003401000001","003401","4","风机状态","0","3","变压器","11本地调试机房","0","遥信"
"低压直流配电","00001006000000201855","6200400004301000001","004301","1","直流电压","0","4","低压直流配电","11本地调试机房","1","遥测"
"低压直流配电","00001006000000201855","6200400004302000001","004302","1","直流电流","0","4","低压直流配电","11本地调试机房","1","遥测"
"低压直流配电","00001006000000201855","6200400004303000001","004303","1","分路XX输出电流","0","4","低压直流配电","11本地调试机房","1","遥测"
"低压直流配电","00001006000000201855","6200400004304000001","004304","1","直流功率","0","4","低压直流配电","11本地调试机房","1","遥测"
"发电机组","00001006000000201856","6200500005101000001","005101","2","高压断路器合闸","0","5","发电机组","11本地调试机房","2","遥控"
"发电机组","00001006000000201856","6200500005102000001","005102","2","高压断路器分闸","0","5","发电机组","11本地调试机房","2","遥控"
"发电机组","00001006000000201856","6200500005103000001","005103","2","左燃机起动","0","5","发电机组","11本地调试机房","2","遥控"
"发电机组","00001006000000201856","6200500005104000001","005104","2","左燃机屏蔽","0","5","发电机组","11本地调试机房","2","遥控"
"发电机组","00001006000000201856","6200500005105000001","005105","2","手动/自动起动","0","5","发电机组","11本地调试机房","2","遥控"
"发电机组","00001006000000201856","6200500005106000001","005106","2","燃机XX冷转/启动","0","5","发电机组","11本地调试机房","2","遥控"
"发电机组","00001006000000201856","6200500005107000001","005107","2","左燃机正常停机","0","5","发电机组","11本地调试机房","2","遥控"
"发电机组","00001006000000201856","6200500005108000001","005108","2","紧急停机","0","5","发电机组","11本地调试机房","2","遥控"
"发电机组","00001006000000201856","6200500005109000001","005109","2","主用判断","0","5","发电机组","11本地调试机房","2","遥控"
"发电机组","00001006000000201856","6200500005110000001","005110","2","控制复位","0","5","发电机组","11本地调试机房","2","遥控"
"发电机组","00001006000000201856","6200500005111000001","005111","2","燃料电池启动/停止","0","5","发电机组","11本地调试机房","2","遥控"
"发电机组","00001006000000201856","6200500005301000001","005301","1","转速","0","5","发电机组","11本地调试机房","1","遥测"
"发电机组","00001006000000201856","6200500005302000001","005302","1","油压","0","5","发电机组","11本地调试机房","1","遥测"
"发电机组","00001006000000201856","6200500005303000001","005303","1","油温","0","5","发电机组","11本地调试机房","1","遥测"
"发电机组","00001006000000201856","6200500005304000001","005304","1","水温","0","5","发电机组","11本地调试机房","1","遥测"
"发电机组","00001006000000201856","6200500005305000001","005305","1","燃油余量","0","5","发电机组","11本地调试机房","1","遥测"
"发电机组","00001006000000201856","6200500005306000001","005306","1","启动电池电压","0","5","发电机组","11本地调试机房","1","遥测"
"发电机组","00001006000000201856","6200500005307000001","005307","1","输出线电压Uab","0","5","发电机组","11本地调试机房","1","遥测"
"发电机组","00001006000000201856","6200500005308000001","005308","1","输出线电压Ubc","0","5","发电机组","11本地调试机房","1","遥测"
"发电机组","00001006000000201856","6200500005309000001","005309","1","输出线电压Uca","0","5","发电机组","11本地调试机房","1","遥测"
"发电机组","00001006000000201856","6200500005310000001","005310","1","输出相电压Ua","0","5","发电机组","11本地调试机房","1","遥测"
"发电机组","00001006000000201856","6200500005311000001","005311","1","输出相电压Ub","0","5","发电机组","11本地调试机房","1","遥测"
"发电机组","00001006000000201856","6200500005312000001","005312","1","输出相电压Uc","0","5","发电机组","11本地调试机房","1","遥测"
"发电机组","00001006000000201856","6200500005313000001","005313","1","输出相电流Ia","0","5","发电机组","11本地调试机房","1","遥测"
"发电机组","00001006000000201856","6200500005314000001","005314","1","输出相电流Ib","0","5","发电机组","11本地调试机房","1","遥测"
"发电机组","00001006000000201856","6200500005315000001","005315","1","输出相电流Ic","0","5","发电机组","11本地调试机房","1","遥测"
"发电机组","00001006000000201856","6200500005316000001","005316","1","有功功率Pa","0","5","发电机组","11本地调试机房","1","遥测"
"发电机组","00001006000000201856","6200500005317000001","005317","1","有功功率Pb","0","5","发电机组","11本地调试机房","1","遥测"
"发电机组","00001006000000201856","6200500005318000001","005318","1","有功功率Pc","0","5","发电机组","11本地调试机房","1","遥测"
"发电机组","00001006000000201856","6200500005319000001","005319","1","无功功率Qa","0","5","发电机组","11本地调试机房","1","遥测"
"发电机组","00001006000000201856","6200500005320000001","005320","1","无功功率Qb","0","5","发电机组","11本地调试机房","1","遥测"
"发电机组","00001006000000201856","6200500005321000001","005321","1","无功功率Qc","0","5","发电机组","11本地调试机房","1","遥测"
"发电机组","00001006000000201856","6200500005322000001","005322","1","功率因数","0","5","发电机组","11本地调试机房","1","遥测"
"发电机组","00001006000000201856","6200500005323000001","005323","1","频率","0","5","发电机组","11本地调试机房","1","遥测"
"发电机组","00001006000000201856","6200500005324000001","005324","1","运行总时长","0","5","发电机组","11本地调试机房","1","遥测"
"发电机组","00001006000000201856","6200500005325000001","005325","1","燃机XX转速","0","5","发电机组","11本地调试机房","1","遥测"
"发电机组","00001006000000201856","6200500005326000001","005326","1","左燃机T4温度","0","5","发电机组","11本地调试机房","1","遥测"
"发电机组","00001006000000201856","6200500005327000001","005327","1","燃机XX喷嘴前压力","0","5","发电机组","11本地调试机房","1","遥测"
"发电机组","00001006000000201856","6200500005328000001","005328","1","燃机XX润滑油压力","0","5","发电机组","11本地调试机房","1","遥测"
"发电机组","00001006000000201856","6200500005329000001","005329","1","燃机XX润滑油进油温度","0","5","发电机组","11本地调试机房","1","遥测"
"发电机组","00001006000000201856","6200500005330000001","005330","1","燃机XX润滑油回油温度","0","5","发电机组","11本地调试机房","1","遥测"
"发电机组","00001006000000201856","6200500005331000001","005331","1","燃机XX水平振动","0","5","发电机组","11本地调试机房","1","遥测"
"发电机组","00001006000000201856","6200500005332000001","005332","1","燃机XX垂直振动","0","5","发电机组","11本地调试机房","1","遥测"
"发电机组","00001006000000201856","6200500005333000001","005333","1","燃机XX扭矩","0","5","发电机组","11本地调试机房","1","遥测"
"发电机组","00001006000000201856","6200500005334000001","005334","1","燃机XX供油量","0","5","发电机组","11本地调试机房","1","遥测"
"发电机组","00001006000000201856","6200500005335000001","005335","1","燃机XX供油输出","0","5","发电机组","11本地调试机房","1","遥测"
"发电机组","00001006000000201856","6200500005336000001","005336","1","离合器滑油箱温度","0","5","发电机组","11本地调试机房","1","遥测"
"发电机组","00001006000000201856","6200500005337000001","005337","1","驱动端XX温度","0","5","发电机组","11本地调试机房","1","遥测"
"发电机组","00001006000000201856","6200500005338000001","005338","1","非驱动端XX温度","0","5","发电机组","11本地调试机房","1","遥测"
"发电机组","00001006000000201856","6200500005339000001","005339","1","绕组温度","0","5","发电机组","11本地调试机房","1","遥测"
"发电机组","00001006000000201856","6200500005340000001","005340","1","蓄电池XX电压","0","5","发电机组","11本地调试机房","1","遥测"
"发电机组","00001006000000201856","6200500005341000001","005341","1","燃机舱温度","0","5","发电机组","11本地调试机房","1","遥测"
"发电机组","00001006000000201856","6200500005342000001","005342","1","进气温度","0","5","发电机组","11本地调试机房","1","遥测"
"发电机组","00001006000000201856","6200500005343000001","005343","1","离合器滑油压力","0","5","发电机组","11本地调试机房","1","遥测"
"发电机组","00001006000000201856","6200500005344000001","005344","1","离合器滑油回油温度","0","5","发电机组","11本地调试机房","1","遥测"
"发电机组","00001006000000201856","6200500005345000001","005345","1","氢气压力","0","5","发电机组","11本地调试机房","1","遥测"
"发电机组","00001006000000201856","6200500005346000001","005346","1","燃料电池温度","0","5","发电机组","11本地调试机房","1","遥测"
"发电机组","00001006000000201856","6200500005347000001","005347","1","燃料箱液位","0","5","发电机组","11本地调试机房","1","遥测"
"发电机组","00001006000000201856","6200500005348000001","005348","1","燃料室内氢气浓度","0","5","发电机组","11本地调试机房","1","遥测"
"发电机组","00001006000000201856","6200500005349000001","005349","1","负载率","0","5","发电机组","11本地调试机房","1","遥测"
"发电机组","00001006000000201856","6200500005350000001","005350","1","直流输出电压","0","5","发电机组","11本地调试机房","1","遥测"
"发电机组","00001006000000201856","6200500005351000001","005351","1","直流输出电流","0","5","发电机组","11本地调试机房","1","遥测"
"发电机组","00001006000000201856","6200500005352000001","005352","1","总有功功率P","0","5","发电机组","11本地调试机房","1","遥测"
"发电机组","00001006000000201856","6200500005401000001","005401","4","油机工作状态","0","5","发电机组","11本地调试机房","0","遥信"
"开关电源","00001006000000201857","6200600006101000001","006101","2","模块XX开机","0","6","开关电源","11本地调试机房","2","遥控"
"开关电源","00001006000000201857","6200600006102000001","006102","2","模块XX关机","0","6","开关电源","11本地调试机房","2","遥控"
"开关电源","00001006000000201857","6200600006103000001","006103","2","遥控均浮充","0","6","开关电源","11本地调试机房","2","遥控"
"开关电源","00001006000000201857","6200600006104000001","006104","2","电池组放电测试启动","0","6","开关电源","11本地调试机房","2","遥控"
"开关电源","00001006000000201857","6200600006105000001","006105","2","电池组放电测试结束","0","6","开关电源","11本地调试机房","2","遥控"
"开关电源","00001006000000201857","6200600006106000001","006106","2","电池温度补偿启停","0","6","开关电源","11本地调试机房","2","遥控"
"开关电源","00001006000000201857","6200600006107000001","006107","2","能耗管理启动停止","0","6","开关电源","11本地调试机房","2","遥控"
"开关电源","00001006000000201857","6200600006301000001","006301","1","输入相电压Ua","0","6","开关电源","11本地调试机房","1","遥测"
"开关电源","00001006000000201857","6200600006302000001","006302","1","输入相电压Ub","0","6","开关电源","11本地调试机房","1","遥测"
"开关电源","00001006000000201857","6200600006303000001","006303","1","输入相电压Uc","0","6","开关电源","11本地调试机房","1","遥测"
"开关电源","00001006000000201857","6200600006304000001","006304","1","输入相电流Ia","0","6","开关电源","11本地调试机房","1","遥测"
"开关电源","00001006000000201857","6200600006305000001","006305","1","输入相电流Ib","0","6","开关电源","11本地调试机房","1","遥测"
"开关电源","00001006000000201857","6200600006306000001","006306","1","输入相电流Ic","0","6","开关电源","11本地调试机房","1","遥测"
"开关电源","00001006000000201857","6200600006307000001","006307","1","频率","0","6","开关电源","11本地调试机房","1","遥测"
"开关电源","00001006000000201857","6200600006308000001","006308","1","直流输出电压","0","6","开关电源","11本地调试机房","1","遥测"
"开关电源","00001006000000201857","6200600006309000001","006309","1","负载总电流","0","6","开关电源","11本地调试机房","1","遥测"
"开关电源","00001006000000201857","6200600006310000001","006310","1","模块XX电流","0","6","开关电源","11本地调试机房","1","遥测"
"开关电源","00001006000000201857","6200600006311000001","006311","1","模块XX温度","0","6","开关电源","11本地调试机房","1","遥测"
"开关电源","00001006000000201857","6200600006312000001","006312","1","电池组XX电流","0","6","开关电源","11本地调试机房","1","遥测"
"开关电源","00001006000000201857","6200600006313000001","006313","1","输入XX线电压Uab","0","6","开关电源","11本地调试机房","1","遥测"
"开关电源","00001006000000201857","6200600006314000001","006314","1","输入XX线电压Ubc","0","6","开关电源","11本地调试机房","1","遥测"
"开关电源","00001006000000201857","6200600006315000001","006315","1","输入XX线电压Uca","0","6","开关电源","11本地调试机房","1","遥测"
"开关电源","00001006000000201857","6200600006316000001","006316","1","分路XX电流","0","6","开关电源","11本地调试机房","1","遥测"
"开关电源","00001006000000201857","6200600006317000001","006317","1","系统额定容量","0","6","开关电源","11本地调试机房","1","遥测"
"开关电源","00001006000000201857","6200600006318000001","006318","1","配置模块数量","0","6","开关电源","11本地调试机房","1","遥测"
"开关电源","00001006000000201857","6200600006319000001","006319","1","整流模块XX额定容量","0","6","开关电源","11本地调试机房","1","遥测"
"开关电源","00001006000000201857","6200600006320000001","006320","1","蓄电池组数","0","6","开关电源","11本地调试机房","1","遥测"
"开关电源","00001006000000201857","6200600006321000001","006321","1","电池组XX额定容量","0","6","开关电源","11本地调试机房","1","遥测"
"开关电源","00001006000000201857","6200600006322000001","006322","1","电池组额定总容量","0","6","开关电源","11本地调试机房","1","遥测"
"开关电源","00001006000000201857","6200600006323000001","006323","1","电池组实际总容量","0","6","开关电源","11本地调试机房","1","遥测"
"开关电源","00001006000000201857","6200600006324000001","006324","1","电池组剩余容量百分比","0","6","开关电源","11本地调试机房","1","遥测"
"开关电源","00001006000000201857","6200600006401000001","006401","4","模块XX开关状态","0","6","开关电源","11本地调试机房","0","遥信"
"开关电源","00001006000000201857","6200600006402000001","006402","4","电源工作状态","0","6","开关电源","11本地调试机房","0","遥信"
"铅酸电池","00001006000000201858","6200700007301000001","007301","1","标示单体XX温度","0","7","铅酸电池","11本地调试机房","1","遥测"
"铅酸电池","00001006000000201858","6200700007302000001","007302","1","电池组总电压","0","7","铅酸电池","11本地调试机房","1","遥测"
"铅酸电池","00001006000000201858","6200700007303000001","007303","1","单体XX电压","0","7","铅酸电池","11本地调试机房","1","遥测"
"铅酸电池","00001006000000201858","6200700007304000001","007304","1","单体XX温度","0","7","铅酸电池","11本地调试机房","1","遥测"
"铅酸电池","00001006000000201858","6200700007305000001","007305","1","单体XX内阻","0","7","铅酸电池","11本地调试机房","1","遥测"
"铅酸电池","00001006000000201858","6200700007306000001","007306","1","单体XX容量","0","7","铅酸电池","11本地调试机房","1","遥测"
"铅酸电池","00001006000000201858","6200700007307000001","007307","1","充电电流","0","7","铅酸电池","11本地调试机房","1","遥测"
"铅酸电池","00001006000000201858","6200700007308000001","007308","1","放电电流","0","7","铅酸电池","11本地调试机房","1","遥测"
"铅酸电池","00001006000000201858","6200700007401000001","007401","4","工作状态","0","7","铅酸电池","11本地调试机房","0","遥信"
"铅酸电池","00001006000000201858","6200700007998000001","007998","4","标准化错误","0","7","铅酸电池","11本地调试机房","1","遥测"
"UPS设备","00001006000000201859","6200800008101000001","008101","2","紧急停机","1","8","UPS设备","11本地调试机房","2","遥控"
"UPS设备","00001006000000201859","6200800008301000001","008301","1","输入线电压Uab","2","8","UPS设备","11本地调试机房","1","遥测"
"UPS设备","00001006000000201859","6200800008302000001","008302","1","输入线电压Ubc","3","8","UPS设备","11本地调试机房","1","遥测"
"UPS设备","00001006000000201859","6200800008303000001","008303","1","输入线电压Uca","0","8","UPS设备","11本地调试机房","1","遥测"
"UPS设备","00001006000000201859","6200800008304000001","008304","1","输入相电压Ua","0","8","UPS设备","11本地调试机房","1","遥测"
"UPS设备","00001006000000201859","6200800008305000001","008305","1","输入相电压Ub","0","8","UPS设备","11本地调试机房","1","遥测"
"UPS设备","00001006000000201859","6200800008306000001","008306","1","输入相电压Uc","0","8","UPS设备","11本地调试机房","1","遥测"
"UPS设备","00001006000000201859","6200800008307000001","008307","1","输入相电流Ia","0","8","UPS设备","11本地调试机房","1","遥测"
"UPS设备","00001006000000201859","6200800008308000001","008308","1","输入相电流Ib","0","8","UPS设备","11本地调试机房","1","遥测"
"UPS设备","00001006000000201859","6200800008309000001","008309","1","输入相电流Ic","0","8","UPS设备","11本地调试机房","1","遥测"
"UPS设备","00001006000000201859","6200800008310000001","008310","1","输入频率","0","8","UPS设备","11本地调试机房","1","遥测"
"UPS设备","00001006000000201859","6200800008311000001","008311","1","输入功率因数","0","8","UPS设备","11本地调试机房","1","遥测"
"UPS设备","00001006000000201859","6200800008312000001","008312","1","输出线电压Uab","0","8","UPS设备","11本地调试机房","1","遥测"
"UPS设备","00001006000000201859","6200800008313000001","008313","1","输出线电压Ubc","0","8","UPS设备","11本地调试机房","1","遥测"
"UPS设备","00001006000000201859","6200800008314000001","008314","1","输出线电压Uca","0","8","UPS设备","11本地调试机房","1","遥测"
"UPS设备","00001006000000201859","6200800008315000001","008315","1","输出相电压Ua","0","8","UPS设备","11本地调试机房","1","遥测"
"UPS设备","00001006000000201859","6200800008316000001","008316","1","输出相电压Ub","0","8","UPS设备","11本地调试机房","1","遥测"
"UPS设备","00001006000000201859","6200800008317000001","008317","1","输出相电压Uc","0","8","UPS设备","11本地调试机房","1","遥测"
"UPS设备","00001006000000201859","6200800008318000001","008318","1","输出相电流Ia","0","8","UPS设备","11本地调试机房","1","遥测"
"UPS设备","00001006000000201859","6200800008319000001","008319","1","输出相电流Ib","0","8","UPS设备","11本地调试机房","1","遥测"
"UPS设备","00001006000000201859","6200800008320000001","008320","1","输出相电流Ic","0","8","UPS设备","11本地调试机房","1","遥测"
"UPS设备","00001006000000201859","6200800008321000001","008321","1","输出频率","0","8","UPS设备","11本地调试机房","1","遥测"
"UPS设备","00001006000000201859","6200800008322000001","008322","1","输出功率因数","0","8","UPS设备","11本地调试机房","1","遥测"
"UPS设备","00001006000000201859","6200800008323000001","008323","1","旁路线电压Uab","0","8","UPS设备","11本地调试机房","1","遥测"
"UPS设备","00001006000000201859","6200800008324000001","008324","1","旁路线电压Ubc","0","8","UPS设备","11本地调试机房","1","遥测"
"UPS设备","00001006000000201859","6200800008325000001","008325","1","旁路线电压Uca","0","8","UPS设备","11本地调试机房","1","遥测"
"UPS设备","00001006000000201859","6200800008326000001","008326","1","旁路相电压Ua","0","8","UPS设备","11本地调试机房","1","遥测"
"UPS设备","00001006000000201859","6200800008327000001","008327","1","旁路相电压Ub","0","8","UPS设备","11本地调试机房","1","遥测"
"UPS设备","00001006000000201859","6200800008328000001","008328","1","旁路相电压Uc","0","8","UPS设备","11本地调试机房","1","遥测"
"UPS设备","00001006000000201859","6200800008329000001","008329","1","旁路相电流Ia","0","8","UPS设备","11本地调试机房","1","遥测"
"UPS设备","00001006000000201859","6200800008330000001","008330","1","旁路相电流Ib","0","8","UPS设备","11本地调试机房","1","遥测"
"UPS设备","00001006000000201859","6200800008331000001","008331","1","旁路相电流Ic","0","8","UPS设备","11本地调试机房","1","遥测"
"UPS设备","00001006000000201859","6200800008332000001","008332","1","旁路频率","0","8","UPS设备","11本地调试机房","1","遥测"
"UPS设备","00001006000000201859","6200800008333000001","008333","1","电池组电流","0","8","UPS设备","11本地调试机房","1","遥测"
"UPS设备","00001006000000201859","6200800008334000001","008334","1","电池组电压","0","8","UPS设备","11本地调试机房","1","遥测"
"UPS设备","00001006000000201859","6200800008335000001","008335","1","输出视在功率Sa","0","8","UPS设备","11本地调试机房","1","遥测"
"UPS设备","00001006000000201859","6200800008336000001","008336","1","输出视在功率Sb","0","8","UPS设备","11本地调试机房","1","遥测"
"UPS设备","00001006000000201859","6200800008337000001","008337","1","输出视在功率Sc","0","8","UPS设备","11本地调试机房","1","遥测"
"UPS设备","00001006000000201859","6200800008338000001","008338","1","输出有功功率Pa","0","8","UPS设备","11本地调试机房","1","遥测"
"UPS设备","00001006000000201859","6200800008339000001","008339","1","输出有功功率Pb","0","8","UPS设备","11本地调试机房","1","遥测"
"UPS设备","00001006000000201859","6200800008340000001","008340","1","输出有功功率Pc","0","8","UPS设备","11本地调试机房","1","遥测"
"UPS设备","00001006000000201859","6200800008341000001","008341","1","输出总视在功率S","0","8","UPS设备","11本地调试机房","1","遥测"
"UPS设备","00001006000000201859","6200800008342000001","008342","1","输出总有功功率P","0","8","UPS设备","11本地调试机房","1","遥测"
"UPS设备","00001006000000201859","6200800008343000001","008343","1","输入总视在功率S","0","8","UPS设备","11本地调试机房","1","遥测"
"UPS设备","00001006000000201859","6200800008344000001","008344","1","输入总有功功率P","0","8","UPS设备","11本地调试机房","1","遥测"
"UPS设备","00001006000000201859","6200800008345000001","008345","1","零线环流","0","8","UPS设备","11本地调试机房","1","遥测"
"UPS设备","00001006000000201859","6200800008346000001","008346","1","主机温度","0","8","UPS设备","11本地调试机房","1","遥测"
"UPS设备","00001006000000201859","6200800008347000001","008347","1","逆变器温度","0","8","UPS设备","11本地调试机房","1","遥测"
"UPS设备","00001006000000201859","6200800008348000001","008348","1","整流器温度","0","8","UPS设备","11本地调试机房","1","遥测"
"UPS设备","00001006000000201859","6200800008349000001","008349","1","负载率A","0","8","UPS设备","11本地调试机房","1","遥测"
"UPS设备","00001006000000201859","6200800008350000001","008350","1","负载率B","0","8","UPS设备","11本地调试机房","1","遥测"
"UPS设备","00001006000000201859","6200800008351000001","008351","1","负载率C","0","8","UPS设备","11本地调试机房","1","遥测"
"UPS设备","00001006000000201859","6200800008352000001","008352","1","模块XX电流","0","8","UPS设备","11本地调试机房","1","遥测"
"UPS设备","00001006000000201859","6200800008353000001","008353","1","模块XX温度","0","8","UPS设备","11本地调试机房","1","遥测"
"UPS设备","00001006000000201859","6200800008354000001","008354","1","模块XX负载率","0","8","UPS设备","11本地调试机房","1","遥测"
"UPS设备","00001006000000201859","6200800008355000001","008355","1","模块XX输出功率","0","8","UPS设备","11本地调试机房","1","遥测"
"UPS设备","00001006000000201859","6200800008401000001","008401","4","模块XX开关机状态","0","8","UPS设备","11本地调试机房","0","遥信"
"UPS设备","00001006000000201859","6200800008402000001","008402","4","输出断路器关闭状态","0","8","UPS设备","11本地调试机房","0","遥信"
"UPS设备","00001006000000201859","6200800008403000001","008403","4","电池断路器状态","0","8","UPS设备","11本地调试机房","0","遥信"
"UPS设备","00001006000000201859","6200800008404000001","008404","4","静电开关状态","0","8","UPS设备","11本地调试机房","0","遥信"
"UPS设备","00001006000000201859","6200800008405000001","008405","4","整流器输入断路器状态","0","8","UPS设备","11本地调试机房","0","遥信"
"UPS设备","00001006000000201859","6200800008406000001","008406","4","正常工作状态","0","8","UPS设备","11本地调试机房","0","遥信"
"UPS设备","00001006000000201859","6200800008407000001","008407","4","旁路方式工作状态","0","8","UPS设备","11本地调试机房","0","遥信"
"UPS设备","00001006000000201859","6200800008408000001","008408","4","电池方式工作状态","0","8","UPS设备","11本地调试机房","0","遥信"
"UPS配电","00001006000000201860","6200900009301000001","009301","1","分路XX相电流Ia","0","9","UPS配电","11本地调试机房","1","遥测"
"UPS配电","00001006000000201860","6200900009302000001","009302","1","分路XX相电流Ib","0","9","UPS配电","11本地调试机房","1","遥测"
"UPS配电","00001006000000201860","6200900009303000001","009303","1","分路XX相电流Ic","0","9","UPS配电","11本地调试机房","1","遥测"
"UPS配电","00001006000000201860","6200900009304000001","009304","1","分路XX相电压Ua","0","9","UPS配电","11本地调试机房","1","遥测"
"UPS配电","00001006000000201860","6200900009305000001","009305","1","分路XX相电压Ub","0","9","UPS配电","11本地调试机房","1","遥测"
"UPS配电","00001006000000201860","6200900009306000001","009306","1","分路XX相电压Uc","0","9","UPS配电","11本地调试机房","1","遥测"
"UPS配电","00001006000000201860","6200900009307000001","009307","1","分路XX有功功率Pa","0","9","UPS配电","11本地调试机房","1","遥测"
"UPS配电","00001006000000201860","6200900009308000001","009308","1","分路XX有功功率Pb","0","9","UPS配电","11本地调试机房","1","遥测"
"UPS配电","00001006000000201860","6200900009309000001","009309","1","分路XX有功功率Pc","0","9","UPS配电","11本地调试机房","1","遥测"
"UPS配电","00001006000000201860","6200900009310000001","009310","1","分路XX功率因数","0","9","UPS配电","11本地调试机房","1","遥测"
"UPS配电","00001006000000201860","6200900009311000001","009311","1","分路XX频率","0","9","UPS配电","11本地调试机房","1","遥测"
"UPS配电","00001006000000201860","6200900009312000001","009312","1","分路XX有功电能","0","9","UPS配电","11本地调试机房","1","遥测"
"UPS配电","00001006000000201860","6200900009313000001","009313","1","分路XX有功功率P","0","9","UPS配电","11本地调试机房","1","遥测"
"UPS配电","00001006000000201860","6200900009314000001","009314","1","分路XX线电压Uab","0","9","UPS配电","11本地调试机房","1","遥测"
"UPS配电","00001006000000201860","6200900009315000001","009315","1","分路XX线电压Ubc","0","9","UPS配电","11本地调试机房","1","遥测"
"UPS配电","00001006000000201860","6200900009316000001","009316","1","分路XX线电压Uca","0","9","UPS配电","11本地调试机房","1","遥测"
"UPS配电","00001006000000201860","6200900009317000001","009317","1","输入XX线电压Uab","0","9","UPS配电","11本地调试机房","1","遥测"
"UPS配电","00001006000000201860","6200900009318000001","009318","1","输入XX线电压Ubc","0","9","UPS配电","11本地调试机房","1","遥测"
"UPS配电","00001006000000201860","6200900009319000001","009319","1","输入XX线电压Uca","0","9","UPS配电","11本地调试机房","1","遥测"
"UPS配电","00001006000000201860","6200900009320000001","009320","1","输入XX相电压Ua","0","9","UPS配电","11本地调试机房","1","遥测"
"UPS配电","00001006000000201860","6200900009321000001","009321","1","输入XX相电压Ub","0","9","UPS配电","11本地调试机房","1","遥测"
"UPS配电","00001006000000201860","6200900009322000001","009322","1","输入XX相电压Uc","0","9","UPS配电","11本地调试机房","1","遥测"
"UPS配电","00001006000000201860","6200900009323000001","009323","1","输入XX相电流Ia","0","9","UPS配电","11本地调试机房","1","遥测"
"UPS配电","00001006000000201860","6200900009324000001","009324","1","输入XX相电流Ib","0","9","UPS配电","11本地调试机房","1","遥测"
"UPS配电","00001006000000201860","6200900009325000001","009325","1","输入XX相电流Ic","0","9","UPS配电","11本地调试机房","1","遥测"
"UPS配电","00001006000000201860","6200900009326000001","009326","1","输入XX有功功率Pa","0","9","UPS配电","11本地调试机房","1","遥测"
"UPS配电","00001006000000201860","6200900009327000001","009327","1","输入XX有功功率Pb","0","9","UPS配电","11本地调试机房","1","遥测"
"UPS配电","00001006000000201860","6200900009328000001","009328","1","输入XX有功功率Pc","0","9","UPS配电","11本地调试机房","1","遥测"
"UPS配电","00001006000000201860","6200900009329000001","009329","1","输入XX功率因数","0","9","UPS配电","11本地调试机房","1","遥测"
"UPS配电","00001006000000201860","6200900009330000001","009330","1","输入XX频率","0","9","UPS配电","11本地调试机房","1","遥测"
"UPS配电","00001006000000201860","6200900009331000001","009331","1","输入XX总有功功率P","0","9","UPS配电","11本地调试机房","1","遥测"
"UPS配电","00001006000000201860","6200900009332000001","009332","1","输入XX正向有功电能","0","9","UPS配电","11本地调试机房","1","遥测"
"UPS配电","00001006000000201860","6200900009333000001","009333","1","输入电压畸变率","0","9","UPS配电","11本地调试机房","1","遥测"
"UPS配电","00001006000000201860","6200900009334000001","009334","1","输入总电流畸变率","0","9","UPS配电","11本地调试机房","1","遥测"
"机房专用空调","00001006000000201861","6091100011101000001","011101","2","开机","0","11","机房专用空调","11本地调试机房","2","遥控"
"机房专用空调","00001006000000201861","6091100011102000001","011102","2","关机","0","11","机房专用空调","11本地调试机房","2","遥控"
"机房专用空调","00001006000000201861","6091100011103000001","011103","2","模式选择","0","11","机房专用空调","11本地调试机房","2","遥控"
"机房专用空调","00001006000000201861","6091100011104000001","011104","2","加湿器开关","0","11","机房专用空调","11本地调试机房","2","遥控"
"机房专用空调","00001006000000201861","6091100011301000001","011301","1","回风温度","0","11","机房专用空调","11本地调试机房","1","遥测"
"机房专用空调","00001006000000201861","6091100011302000001","011302","1","回风湿度","0","11","机房专用空调","11本地调试机房","1","遥测"
"机房专用空调","00001006000000201861","6091100011303000001","011303","1","工作电流","0","11","机房专用空调","11本地调试机房","1","遥测"
"机房专用空调","00001006000000201861","6091100011304000001","011304","1","压缩机压力","0","11","机房专用空调","11本地调试机房","1","遥测"
"机房专用空调","00001006000000201861","6091100011305000001","011305","1","室外温度","0","11","机房专用空调","11本地调试机房","1","遥测"
"机房专用空调","00001006000000201861","6091100011306000001","011306","1","风机相电流Ia","0","11","机房专用空调","11本地调试机房","1","遥测"
"机房专用空调","00001006000000201861","6091100011307000001","011307","1","风机相电流Ib","0","11","机房专用空调","11本地调试机房","1","遥测"
"机房专用空调","00001006000000201861","6091100011308000001","011308","1","风机相电流Ic","0","11","机房专用空调","11本地调试机房","1","遥测"
"机房专用空调","00001006000000201861","6091100011309000001","011309","1","风机运行时间","0","11","机房专用空调","11本地调试机房","1","遥测"
"机房专用空调","00001006000000201861","6091100011310000001","011310","1","加热器XX工作时间","0","11","机房专用空调","11本地调试机房","1","遥测"
"机房专用空调","00001006000000201861","6091100011311000001","011311","1","加湿器XX工作时间","0","11","机房专用空调","11本地调试机房","1","遥测"
"机房专用空调","00001006000000201861","6091100011312000001","011312","1","压缩机XX运行时间","0","11","机房专用空调","11本地调试机房","1","遥测"
"机房专用空调","00001006000000201861","6091100011313000001","011313","1","进水温度","0","11","机房专用空调","11本地调试机房","1","遥测"
"机房专用空调","00001006000000201861","6091100011314000001","011314","1","出水温度","0","11","机房专用空调","11本地调试机房","1","遥测"
"机房专用空调","00001006000000201861","6091100011315000001","011315","1","水阀XX压力","0","11","机房专用空调","11本地调试机房","1","遥测"
"机房专用空调","00001006000000201861","6091100011316000001","011316","1","水阀XX开度","0","11","机房专用空调","11本地调试机房","1","遥测"
"机房专用空调","00001006000000201861","6091100011401000001","011401","4","压缩机XX状态","0","11","机房专用空调","11本地调试机房","0","遥信"
"机房专用空调","00001006000000201861","6091100011402000001","011402","4","工作状态","0","11","机房专用空调","11本地调试机房","0","遥信"
"机房专用空调","00001006000000201861","6091100011403000001","011403","4","风机状态","0","11","机房专用空调","11本地调试机房","0","遥信"
"机房专用空调","00001006000000201861","6091100011404000001","011404","4","加热器XX状态","0","11","机房专用空调","11本地调试机房","0","遥信"
"机房专用空调","00001006000000201861","6091100011405000001","011405","4","加湿器XX状态","0","11","机房专用空调","11本地调试机房","0","遥信"
"机房专用空调","00001006000000201861","6091100011406000001","011406","4","加湿状态","0","11","机房专用空调","11本地调试机房","0","遥信"
"机房专用空调","00001006000000201861","6091100011407000001","011407","4","制冷状态","0","11","机房专用空调","11本地调试机房","0","遥信"
"机房专用空调","00001006000000201861","6091100011408000001","011408","4","除湿状态","0","11","机房专用空调","11本地调试机房","0","遥信"
"中央空调末端","00001006000000201862","6201200012101000001","012101","2","开机","0","12","中央空调末端","11本地调试机房","2","遥控"
"中央空调末端","00001006000000201862","6201200012102000001","012102","2","关机","0","12","中央空调末端","11本地调试机房","2","遥控"
"中央空调末端","00001006000000201862","6201200012103000001","012103","2","模式选择","0","12","中央空调末端","11本地调试机房","2","遥控"
"中央空调末端","00001006000000201862","6201200012301000001","012301","1","回风温度","0","12","中央空调末端","11本地调试机房","1","遥测"
"中央空调末端","00001006000000201862","6201200012302000001","012302","1","回风湿度","0","12","中央空调末端","11本地调试机房","1","遥测"
"中央空调末端","00001006000000201862","6201200012303000001","012303","1","工作电流","0","12","中央空调末端","11本地调试机房","1","遥测"
"中央空调末端","00001006000000201862","6201200012304000001","012304","1","压缩机压力","0","12","中央空调末端","11本地调试机房","1","遥测"
"中央空调末端","00001006000000201862","6201200012305000001","012305","1","风机运行时间","0","12","中央空调末端","11本地调试机房","1","遥测"
"中央空调末端","00001006000000201862","6201200012306000001","012306","1","进水温度","0","12","中央空调末端","11本地调试机房","1","遥测"
"中央空调末端","00001006000000201862","6201200012307000001","012307","1","回水温度","0","12","中央空调末端","11本地调试机房","1","遥测"
"中央空调末端","00001006000000201862","6201200012308000001","012308","1","水压","0","12","中央空调末端","11本地调试机房","1","遥测"
"中央空调末端","00001006000000201862","6201200012309000001","012309","1","前（后）门外温度","0","12","中央空调末端","11本地调试机房","1","遥测"
"中央空调末端","00001006000000201862","6201200012310000001","012310","1","前（后）门内温度","0","12","中央空调末端","11本地调试机房","1","遥测"
"中央空调末端","00001006000000201862","6201200012311000001","012311","1","前（后）门内湿度","0","12","中央空调末端","11本地调试机房","1","遥测"
"中央空调末端","00001006000000201862","6201200012312000001","012312","1","前（后）门风扇强度","0","12","中央空调末端","11本地调试机房","1","遥测"
"中央空调末端","00001006000000201862","6201200012313000001","012313","1","水阀XX压力","0","12","中央空调末端","11本地调试机房","1","遥测"
"中央空调末端","00001006000000201862","6201200012314000001","012314","1","水阀XX开度","0","12","中央空调末端","11本地调试机房","1","遥测"
"中央空调末端","00001006000000201862","6201200012401000001","012401","4","风机状态","0","12","中央空调末端","11本地调试机房","0","遥信"
"中央空调末端","00001006000000201862","6201200012402000001","012402","4","加湿状态","0","12","中央空调末端","11本地调试机房","0","遥信"
"中央空调末端","00001006000000201862","6201200012403000001","012403","4","制冷状态","0","12","中央空调末端","11本地调试机房","0","遥信"
"中央空调末端","00001006000000201862","6201200012404000001","012404","4","除湿状态","0","12","中央空调末端","11本地调试机房","0","遥信"
"中央空调末端","00001006000000201862","6201200012405000001","012405","4","工作状态","0","12","中央空调末端","11本地调试机房","0","遥信"
"中央空调主机","00001006000000201863","6201300013101000001","013101","2","主机XX开机","0","13","中央空调主机","11本地调试机房","2","遥控"
"中央空调主机","00001006000000201863","6201300013102000001","013102","2","主机XX关机","0","13","中央空调主机","11本地调试机房","2","遥控"
"中央空调主机","00001006000000201863","6201300013103000001","013103","2","水泵XX开机","0","13","中央空调主机","11本地调试机房","2","遥控"
"中央空调主机","00001006000000201863","6201300013104000001","013104","2","水泵XX停机","0","13","中央空调主机","11本地调试机房","2","遥控"
"中央空调主机","00001006000000201863","6201300013105000001","013105","2","阀门XX开启","0","13","中央空调主机","11本地调试机房","2","遥控"
"中央空调主机","00001006000000201863","6201300013106000001","013106","2","阀门XX关闭","0","13","中央空调主机","11本地调试机房","2","遥控"
"中央空调主机","00001006000000201863","6201300013301000001","013301","1","回风温度","0","13","中央空调主机","11本地调试机房","1","遥测"
"中央空调主机","00001006000000201863","6201300013302000001","013302","1","冷却水出水温度","0","13","中央空调主机","11本地调试机房","1","遥测"
"中央空调主机","00001006000000201863","6201300013303000001","013303","1","冷却水回水温度","0","13","中央空调主机","11本地调试机房","1","遥测"
"中央空调主机","00001006000000201863","6201300013304000001","013304","1","冷冻水出水温度","0","13","中央空调主机","11本地调试机房","1","遥测"
"中央空调主机","00001006000000201863","6201300013305000001","013305","1","冷冻水回水温度","0","13","中央空调主机","11本地调试机房","1","遥测"
"中央空调主机","00001006000000201863","6201300013306000001","013306","1","吸气饱和温度","0","13","中央空调主机","11本地调试机房","1","遥测"
"中央空调主机","00001006000000201863","6201300013307000001","013307","1","排气气饱和温度","0","13","中央空调主机","11本地调试机房","1","遥测"
"中央空调主机","00001006000000201863","6201300013308000001","013308","1","负荷量","0","13","中央空调主机","11本地调试机房","1","遥测"
"中央空调主机","00001006000000201863","6201300013309000001","013309","1","机油压差","0","13","中央空调主机","11本地调试机房","1","遥测"
"中央空调主机","00001006000000201863","6201300013310000001","013310","1","排气温度","0","13","中央空调主机","11本地调试机房","1","遥测"
"中央空调主机","00001006000000201863","6201300013311000001","013311","1","吸气压力","0","13","中央空调主机","11本地调试机房","1","遥测"
"中央空调主机","00001006000000201863","6201300013312000001","013312","1","排气压力","0","13","中央空调主机","11本地调试机房","1","遥测"
"中央空调主机","00001006000000201863","6201300013313000001","013313","1","冷凝器进水压","0","13","中央空调主机","11本地调试机房","1","遥测"
"中央空调主机","00001006000000201863","6201300013314000001","013314","1","冷凝器出水压","0","13","中央空调主机","11本地调试机房","1","遥测"
"中央空调主机","00001006000000201863","6201300013315000001","013315","1","蒸发器进水压","0","13","中央空调主机","11本地调试机房","1","遥测"
"中央空调主机","00001006000000201863","6201300013316000001","013316","1","蒸发器出水压","0","13","中央空调主机","11本地调试机房","1","遥测"
"中央空调主机","00001006000000201863","6201300013317000001","013317","1","相电流Ia","0","13","中央空调主机","11本地调试机房","1","遥测"
"中央空调主机","00001006000000201863","6201300013318000001","013318","1","相电流Ib","0","13","中央空调主机","11本地调试机房","1","遥测"
"中央空调主机","00001006000000201863","6201300013319000001","013319","1","相电流Ic","0","13","中央空调主机","11本地调试机房","1","遥测"
"中央空调主机","00001006000000201863","6201300013320000001","013320","1","水泵相电流Ia","0","13","中央空调主机","11本地调试机房","1","遥测"
"中央空调主机","00001006000000201863","6201300013321000001","013321","1","水泵相电流Ib","0","13","中央空调主机","11本地调试机房","1","遥测"
"中央空调主机","00001006000000201863","6201300013322000001","013322","1","水泵相电流Ic","0","13","中央空调主机","11本地调试机房","1","遥测"
"中央空调主机","00001006000000201863","6201300013323000001","013323","1","XX水流量","0","13","中央空调主机","11本地调试机房","1","遥测"
"中央空调主机","00001006000000201863","6201300013324000001","013324","1","水泵相电压Ua","0","13","中央空调主机","11本地调试机房","1","遥测"
"中央空调主机","00001006000000201863","6201300013325000001","013325","1","水泵相电压Ub","0","13","中央空调主机","11本地调试机房","1","遥测"
"中央空调主机","00001006000000201863","6201300013326000001","013326","1","水泵相电压Uc","0","13","中央空调主机","11本地调试机房","1","遥测"
"中央空调主机","00001006000000201863","6201300013327000001","013327","1","压差显示","0","13","中央空调主机","11本地调试机房","1","遥测"
"中央空调主机","00001006000000201863","6201300013328000001","013328","1","供水压力","0","13","中央空调主机","11本地调试机房","1","遥测"
"中央空调主机","00001006000000201863","6201300013329000001","013329","1","回水压力","0","13","中央空调主机","11本地调试机房","1","遥测"
"中央空调主机","00001006000000201863","6201300013401000001","013401","4","冷却塔XX风机XX运行状态","0","13","中央空调主机","11本地调试机房","0","遥信"
"中央空调主机","00001006000000201863","6201300013402000001","013402","4","冷却塔XX喷淋泵XX运行状态","0","13","中央空调主机","11本地调试机房","0","遥信"
"中央空调主机","00001006000000201863","6201300013403000001","013403","4","循环泵XX运行状态","0","13","中央空调主机","11本地调试机房","0","遥信"
"中央空调主机","00001006000000201863","6201300013404000001","013404","4","开关机状态","0","13","中央空调主机","11本地调试机房","0","遥信"
"变换设备","00001006000000201864","6201400014301000001","014301","1","输入电压","0","14","变换设备","11本地调试机房","1","遥测"
"变换设备","00001006000000201864","6201400014302000001","014302","1","输出电压","0","14","变换设备","11本地调试机房","1","遥测"
"变换设备","00001006000000201864","6201400014303000001","014303","1","主机温度","0","14","变换设备","11本地调试机房","1","遥测"
"变换设备","00001006000000201864","6201400014304000001","014304","1","输出电流","0","14","变换设备","11本地调试机房","1","遥测"
"变换设备","00001006000000201864","6201400014305000001","014305","1","模块XX电流","0","14","变换设备","11本地调试机房","1","遥测"
"变换设备","00001006000000201864","6201400014306000001","014306","1","模块XX温度","0","14","变换设备","11本地调试机房","1","遥测"
"普通空调","00001006000000201865","6201500015101000001","015101","2","开机","0","15","普通空调","11本地调试机房","2","遥控"
"普通空调","00001006000000201865","6201500015102000001","015102","2","关机","0","15","普通空调","11本地调试机房","2","遥控"
"普通空调","00001006000000201865","6201500015103000001","015103","2","模式选择","0","15","普通空调","11本地调试机房","2","遥控"
"普通空调","00001006000000201865","6201500015401000001","015401","4","空调工作状态","0","15","普通空调","11本地调试机房","0","遥信"
"普通空调","00001006000000201865","6201500015402000001","015402","4","空调运行模式","0","15","普通空调","11本地调试机房","0","遥信"
"普通空调","00001006000000201865","6201500015998000001","015998","4","标准化错误","0","15","普通空调","11本地调试机房","1","遥测"
"普通空调","00001006000000201865","6201500015998000002","015998","4","标准化错误","0","15","普通空调","11本地调试机房","1","遥测"
"普通空调","00001006000000201865","6201500015998000003","015998","4","标准化错误","0","15","普通空调","11本地调试机房","1","遥测"
"普通空调","00001006000000201865","6201500015998000004","015998","4","标准化错误","0","15","普通空调","11本地调试机房","1","遥测"
"普通空调","00001006000000201865","6201500015998000005","015998","4","标准化错误","0","15","普通空调","11本地调试机房","1","遥测"
"极早期烟感","00001006000000201866","6201600016301000001","016301","1","XX管烟雾浓度","0","16","极早期烟感","11本地调试机房","1","遥测"
"极早期烟感","00001006000000201866","6201600016302000001","016302","1","烟感XX气流回流率","0","16","极早期烟感","11本地调试机房","1","遥测"
"极早期烟感","00001006000000201866","6201600016303000001","016303","1","报警灵敏度","0","16","极早期烟感","11本地调试机房","1","遥测"
"极早期烟感","00001006000000201866","6201600016304000001","016304","1","动作灵敏度","0","16","极早期烟感","11本地调试机房","1","遥测"
"极早期烟感","00001006000000201866","6201600016305000001","016305","1","烟感XX灵敏度","0","16","极早期烟感","11本地调试机房","1","遥测"
"极早期烟感","00001006000000201866","6201600016401000001","016401","4","系统状态","0","16","极早期烟感","11本地调试机房","0","遥信"
"极早期烟感","00001006000000201866","6201600016402000001","016402","4","动作执行","0","16","极早期烟感","11本地调试机房","0","遥信"
"极早期烟感","00001006000000201866","6201600016403000001","016403","4","网络状态","0","16","极早期烟感","11本地调试机房","0","遥信"
"极早期烟感","00001006000000201866","6201600016404000001","016404","4","电源状态","0","16","极早期烟感","11本地调试机房","0","遥信"
"机房环境","00001006000000201867","6201700017301000001","017301","1","温度XX","0","17","机房环境","11本地调试机房","1","遥测"
"机房环境","00001006000000201867","6201700017302000001","017302","1","湿度XX","0","17","机房环境","11本地调试机房","1","遥测"
"机房环境","00001006000000201867","6201700017303000001","017303","1","水位XX","0","17","机房环境","11本地调试机房","1","遥测"
"机房环境","00001006000000201867","6201700017304000001","017304","1","油位XX","0","17","机房环境","11本地调试机房","1","遥测"
"机房环境","00001006000000201867","6201700017305000001","017305","1","水浸状态","0","17","机房环境","11本地调试机房","1","遥测"
"机房环境","00001006000000201867","6201700017306000001","017306","1","烟感状态","0","17","机房环境","11本地调试机房","1","遥测"
"机房环境","00001006000000201867","6201700017307000001","017307","1","门碰开关状态","0","17","机房环境","11本地调试机房","1","遥测"
"机房环境","00001006000000201867","6201700017308000001","017308","1","红外状态","0","17","机房环境","11本地调试机房","1","遥测"
"机房环境","00001006000000201867","6201700017309000001","017309","1","震动状态","0","17","机房环境","11本地调试机房","1","遥测"
"机房环境","00001006000000201867","6201700017310000001","017310","1","防盗状态","0","17","机房环境","11本地调试机房","1","遥测"
"电池恒温箱","00001006000000201868","6201800018101000001","018101","2","蜂鸣器开关","0","18","电池恒温箱","11本地调试机房","2","遥控"
"电池恒温箱","00001006000000201868","6201800018102000001","018102","2","存储记录开关","0","18","电池恒温箱","11本地调试机房","2","遥控"
"电池恒温箱","00001006000000201868","6201800018103000001","018103","2","直流检测开关","0","18","电池恒温箱","11本地调试机房","2","遥控"
"电池恒温箱","00001006000000201868","6201800018104000001","018104","2","交流检测开关","0","18","电池恒温箱","11本地调试机房","2","遥控"
"电池恒温箱","00001006000000201868","6201800018105000001","018105","2","门磁检测开关","0","18","电池恒温箱","11本地调试机房","2","遥控"
"电池恒温箱","00001006000000201868","6201800018106000001","018106","2","系统格式化","0","18","电池恒温箱","11本地调试机房","2","遥控"
"电池恒温箱","00001006000000201868","6201800018107000001","018107","2","设备重启","0","18","电池恒温箱","11本地调试机房","2","遥控"
"电池恒温箱","00001006000000201868","6201800018108000001","018108","2","强开排氢","0","18","电池恒温箱","11本地调试机房","2","遥控"
"电池恒温箱","00001006000000201868","6201800018301000001","018301","1","设备系统时间","0","18","电池恒温箱","11本地调试机房","1","遥测"
"电池恒温箱","00001006000000201868","6201800018302000001","018302","1","当前柜内温度","0","18","电池恒温箱","11本地调试机房","1","遥测"
"电池恒温箱","00001006000000201868","6201800018303000001","018303","1","当前柜外温度","0","18","电池恒温箱","11本地调试机房","1","遥测"
"电池恒温箱","00001006000000201868","6201800018304000001","018304","1","盘管温度","0","18","电池恒温箱","11本地调试机房","1","遥测"
"电池恒温箱","00001006000000201868","6201800018305000001","018305","1","压缩机温度","0","18","电池恒温箱","11本地调试机房","1","遥测"
"电池恒温箱","00001006000000201868","6201800018306000001","018306","1","直流电压","0","18","电池恒温箱","11本地调试机房","1","遥测"
"电池恒温箱","00001006000000201868","6201800018307000001","018307","1","交流电压","0","18","电池恒温箱","11本地调试机房","1","遥测"
"电池恒温箱","00001006000000201868","6201800018308000001","018308","1","空调数量","0","18","电池恒温箱","11本地调试机房","1","遥测"
"电池恒温箱","00001006000000201868","6201800018309000001","018309","1","站内空调运行时长","0","18","电池恒温箱","11本地调试机房","1","遥测"
"电池恒温箱","00001006000000201868","6201800018310000001","018310","1","电柜空调运行时长","0","18","电池恒温箱","11本地调试机房","1","遥测"
"电池恒温箱","00001006000000201868","6201800018311000001","018311","1","柜内高温告警温度","0","18","电池恒温箱","11本地调试机房","1","遥测"
"电池恒温箱","00001006000000201868","6201800018312000001","018312","1","柜内低温告警温度","0","18","电池恒温箱","11本地调试机房","1","遥测"
"电池恒温箱","00001006000000201868","6201800018313000001","018313","1","电柜空调开启温度","0","18","电池恒温箱","11本地调试机房","1","遥测"
"电池恒温箱","00001006000000201868","6201800018314000001","018314","1","电柜空调关闭温度","0","18","电池恒温箱","11本地调试机房","1","遥测"
"电池恒温箱","00001006000000201868","6201800018315000001","018315","1","电柜制热关闭温度","0","18","电池恒温箱","11本地调试机房","1","遥测"
"电池恒温箱","00001006000000201868","6201800018316000001","018316","1","电柜制热开启温度","0","18","电池恒温箱","11本地调试机房","1","遥测"
"电池恒温箱","00001006000000201868","6201800018317000001","018317","1","电柜空调关闭延时","0","18","电池恒温箱","11本地调试机房","1","遥测"
"电池恒温箱","00001006000000201868","6201800018318000001","018318","1","电柜空调开启延时","0","18","电池恒温箱","11本地调试机房","1","遥测"
"电池恒温箱","00001006000000201868","6201800018319000001","018319","1","排氢周期","0","18","电池恒温箱","11本地调试机房","1","遥测"
"电池恒温箱","00001006000000201868","6201800018320000001","018320","1","单次排氢时长","0","18","电池恒温箱","11本地调试机房","1","遥测"
"电池恒温箱","00001006000000201868","6201800018321000001","018321","1","内循环风机启动间隔","0","18","电池恒温箱","11本地调试机房","1","遥测"
"电池恒温箱","00001006000000201868","6201800018322000001","018322","1","内循环风机单次运行时长","0","18","电池恒温箱","11本地调试机房","1","遥测"
"电池恒温箱","00001006000000201868","6201800018323000001","018323","1","直流电压上限","0","18","电池恒温箱","11本地调试机房","1","遥测"
"电池恒温箱","00001006000000201868","6201800018324000001","018324","1","直流电压下限","0","18","电池恒温箱","11本地调试机房","1","遥测"
"电池恒温箱","00001006000000201868","6201800018325000001","018325","1","交流电压上限","0","18","电池恒温箱","11本地调试机房","1","遥测"
"电池恒温箱","00001006000000201868","6201800018326000001","018326","1","交流电压下限","0","18","电池恒温箱","11本地调试机房","1","遥测"
"电池恒温箱","00001006000000201868","6201800018327000001","018327","1","排氢时刻","0","18","电池恒温箱","11本地调试机房","1","遥测"
"电池恒温箱","00001006000000201868","6201800018328000001","018328","1","强排温度","0","18","电池恒温箱","11本地调试机房","1","遥测"
"电池恒温箱","00001006000000201868","6201800018329000001","018329","1","强排温差","0","18","电池恒温箱","11本地调试机房","1","遥测"
"电池恒温箱","00001006000000201868","6201800018330000001","018330","1","开关量上传选择","0","18","电池恒温箱","11本地调试机房","1","遥测"
"电池恒温箱","00001006000000201868","6201800018331000001","018331","1","强制排氢功能开关","0","18","电池恒温箱","11本地调试机房","1","遥测"
"电池恒温箱","00001006000000201868","6201800018332000001","018332","1","设定温度","0","18","电池恒温箱","11本地调试机房","1","遥测"
"电池恒温箱","00001006000000201868","6201800018333000001","018333","1","空调运行时长","0","18","电池恒温箱","11本地调试机房","1","遥测"
"电池恒温箱","00001006000000201868","6201800018401000001","018401","4","运行状态","0","18","电池恒温箱","11本地调试机房","0","遥信"
"电池恒温箱","00001006000000201868","6201800018402000001","018402","4","空调XX状态","0","18","电池恒温箱","11本地调试机房","0","遥信"
"电池恒温箱","00001006000000201868","6201800018403000001","018403","4","开关状态","0","18","电池恒温箱","11本地调试机房","0","遥信"
"锂电池","00001006000000201869","6206800068101000001","068101","2","遥控电池组充电","0","68","锂电池","11本地调试机房","2","遥控"
"锂电池","00001006000000201869","6206800068102000001","068102","2","遥控电池组放电","0","68","锂电池","11本地调试机房","2","遥控"
"锂电池","00001006000000201869","6206800068103000001","068103","2","遥控限流充电方式","0","68","锂电池","11本地调试机房","2","遥控"
"锂电池","00001006000000201869","6206800068301000001","068301","1","电池组XX总电压","0","68","锂电池","11本地调试机房","1","遥测"
"锂电池","00001006000000201869","6206800068302000001","068302","1","电池组总电流","0","68","锂电池","11本地调试机房","1","遥测"
"锂电池","00001006000000201869","6206800068303000001","068303","1","电池组XX电流","0","68","锂电池","11本地调试机房","1","遥测"
"锂电池","00001006000000201869","6206800068304000001","068304","1","电池组后备时间","0","68","锂电池","11本地调试机房","1","遥测"
"锂电池","00001006000000201869","6206800068305000001","068305","1","电池组剩余容量","0","68","锂电池","11本地调试机房","1","遥测"
"锂电池","00001006000000201869","6206800068306000001","068306","1","电池组XX容量","0","68","锂电池","11本地调试机房","1","遥测"
"锂电池","00001006000000201869","6206800068307000001","068307","1","电池组额定容量","0","68","锂电池","11本地调试机房","1","遥测"
"锂电池","00001006000000201869","6206800068308000001","068308","1","电池剩余容量百分比SOC","0","68","锂电池","11本地调试机房","1","遥测"
"锂电池","00001006000000201869","6206800068309000001","068309","1","电池组健康度SOH","0","68","锂电池","11本地调试机房","1","遥测"
"锂电池","00001006000000201869","6206800068310000001","068310","1","环境温度","0","68","锂电池","11本地调试机房","1","遥测"
"锂电池","00001006000000201869","6206800068311000001","068311","1","环境湿度","0","68","锂电池","11本地调试机房","1","遥测"
"锂电池","00001006000000201869","6206800068312000001","068312","1","PCB温度","0","68","锂电池","11本地调试机房","1","遥测"
"锂电池","00001006000000201869","6206800068313000001","068313","1","电池组XX单体XX电压","0","68","锂电池","11本地调试机房","1","遥测"
"锂电池","00001006000000201869","6206800068314000001","068314","1","电池组XX单体XX内阻","0","68","锂电池","11本地调试机房","1","遥测"
"锂电池","00001006000000201869","6206800068315000001","068315","1","电池组XX单体XX电导","0","68","锂电池","11本地调试机房","1","遥测"
"锂电池","00001006000000201869","6206800068316000001","068316","1","电池组XX温度","0","68","锂电池","11本地调试机房","1","遥测"
"锂电池","00001006000000201869","6206800068317000001","068317","1","电池组XX单体XX温度","0","68","锂电池","11本地调试机房","1","遥测"
"锂电池","00001006000000201869","6206800068401000001","068401","4","电池组XX工作状态","0","68","锂电池","11本地调试机房","0","遥信"
"智能通风换热","00001006000000201870","6207700077101000001","077101","2","是否开启风堵检测","0","77","智能通风换热","11本地调试机房","2","遥控"
"智能通风换热","00001006000000201870","6207700077102000001","077102","2","是否开启风门检测","0","77","智能通风换热","11本地调试机房","2","遥控"
"智能通风换热","00001006000000201870","6207700077103000001","077103","2","节能控制状态","0","77","智能通风换热","11本地调试机房","2","遥控"
"智能通风换热","00001006000000201870","6207700077104000001","077104","2","空调XX开关控制","0","77","智能通风换热","11本地调试机房","2","遥控"
"智能通风换热","00001006000000201870","6207700077105000001","077105","2","除尘器开关控制","0","77","智能通风换热","11本地调试机房","2","遥控"
"智能通风换热","00001006000000201870","6207700077106000001","077106","2","重启节能设备","0","77","智能通风换热","11本地调试机房","2","遥控"
"智能通风换热","00001006000000201870","6207700077107000001","077107","2","时钟同步","0","77","智能通风换热","11本地调试机房","2","遥控"
"智能通风换热","00001006000000201870","6207700077301000001","077301","1","设备系统时间","0","77","智能通风换热","11本地调试机房","1","遥测"
"智能通风换热","00001006000000201870","6207700077302000001","077302","1","直流电压","0","77","智能通风换热","11本地调试机房","1","遥测"
"智能通风换热","00001006000000201870","6207700077303000001","077303","1","室内温度","0","77","智能通风换热","11本地调试机房","1","遥测"
"智能通风换热","00001006000000201870","6207700077304000001","077304","1","室内湿度","0","77","智能通风换热","11本地调试机房","1","遥测"
"智能通风换热","00001006000000201870","6207700077305000001","077305","1","室外温度","0","77","智能通风换热","11本地调试机房","1","遥测"
"智能通风换热","00001006000000201870","6207700077306000001","077306","1","室外湿度","0","77","智能通风换热","11本地调试机房","1","遥测"
"智能通风换热","00001006000000201870","6207700077307000001","077307","1","交流电压","0","77","智能通风换热","11本地调试机房","1","遥测"
"智能通风换热","00001006000000201870","6207700077308000001","077308","1","节能隔日天数","0","77","智能通风换热","11本地调试机房","1","遥测"
"智能通风换热","00001006000000201870","6207700077309000001","077309","1","节能设备运行时长","0","77","智能通风换热","11本地调试机房","1","遥测"
"智能通风换热","00001006000000201870","6207700077310000001","077310","1","空调XX运行时长","0","77","智能通风换热","11本地调试机房","1","遥测"
"智能通风换热","00001006000000201870","6207700077311000001","077311","1","节能参数","0","77","智能通风换热","11本地调试机房","1","遥测"
"智能通风换热","00001006000000201870","6207700077401000001","077401","4","节能状态","0","77","智能通风换热","11本地调试机房","0","遥信"
"智能通风换热","00001006000000201870","6207700077402000001","077402","4","空调XX开关状态","0","77","智能通风换热","11本地调试机房","0","遥信"
"智能通风换热","00001006000000201870","6207700077403000001","077403","4","出风机状态","0","77","智能通风换热","11本地调试机房","0","遥信"
"智能通风换热","00001006000000201870","6207700077404000001","077404","4","进风机状态","0","77","智能通风换热","11本地调试机房","0","遥信"
"智能通风换热","00001006000000201870","6207700077405000001","077405","4","节能风机开关状态","0","77","智能通风换热","11本地调试机房","0","遥信"
"风光设备","00001006000000201871","6207800078101000001","078101","2","模块XX开机","0","78","风光设备","11本地调试机房","2","遥控"
"风光设备","00001006000000201871","6207800078102000001","078102","2","模块XX关机","0","78","风光设备","11本地调试机房","2","遥控"
"风光设备","00001006000000201871","6207800078103000001","078103","2","电池管理","0","78","风光设备","11本地调试机房","2","遥控"
"风光设备","00001006000000201871","6207800078301000001","078301","1","相电压Ua","0","78","风光设备","11本地调试机房","1","遥测"
"风光设备","00001006000000201871","6207800078302000001","078302","1","相电压Ub","0","78","风光设备","11本地调试机房","1","遥测"
"风光设备","00001006000000201871","6207800078303000001","078303","1","相电压Uc","0","78","风光设备","11本地调试机房","1","遥测"
"风光设备","00001006000000201871","6207800078304000001","078304","1","相电流Ia","0","78","风光设备","11本地调试机房","1","遥测"
"风光设备","00001006000000201871","6207800078305000001","078305","1","相电流Ib","0","78","风光设备","11本地调试机房","1","遥测"
"风光设备","00001006000000201871","6207800078306000001","078306","1","相电流Ic","0","78","风光设备","11本地调试机房","1","遥测"
"风光设备","00001006000000201871","6207800078307000001","078307","1","有功功率Pa","0","78","风光设备","11本地调试机房","1","遥测"
"风光设备","00001006000000201871","6207800078308000001","078308","1","有功功率Pb","0","78","风光设备","11本地调试机房","1","遥测"
"风光设备","00001006000000201871","6207800078309000001","078309","1","有功功率Pc","0","78","风光设备","11本地调试机房","1","遥测"
"风光设备","00001006000000201871","6207800078310000001","078310","1","无功功率Qa","0","78","风光设备","11本地调试机房","1","遥测"
"风光设备","00001006000000201871","6207800078311000001","078311","1","无功功率Qb","0","78","风光设备","11本地调试机房","1","遥测"
"风光设备","00001006000000201871","6207800078312000001","078312","1","无功功率Qc","0","78","风光设备","11本地调试机房","1","遥测"
"风光设备","00001006000000201871","6207800078313000001","078313","1","功率因数","0","78","风光设备","11本地调试机房","1","遥测"
"风光设备","00001006000000201871","6207800078314000001","078314","1","频率","0","78","风光设备","11本地调试机房","1","遥测"
"风光设备","00001006000000201871","6207800078315000001","078315","1","正向有功电能","0","78","风光设备","11本地调试机房","1","遥测"
"风光设备","00001006000000201871","6207800078316000001","078316","1","正向无功电能","0","78","风光设备","11本地调试机房","1","遥测"
"风光设备","00001006000000201871","6207800078317000001","078317","1","太阳能XX板电压","0","78","风光设备","11本地调试机房","1","遥测"
"风光设备","00001006000000201871","6207800078318000001","078318","1","太阳能XX板电流","0","78","风光设备","11本地调试机房","1","遥测"
"风光设备","00001006000000201871","6207800078319000001","078319","1","风力发电机XX号A相电压Ua","0","78","风光设备","11本地调试机房","1","遥测"
"风光设备","00001006000000201871","6207800078320000001","078320","1","风力发电机XX号B相电压Ub","0","78","风光设备","11本地调试机房","1","遥测"
"风光设备","00001006000000201871","6207800078321000001","078321","1","风力发电机XX号C相电压Uc","0","78","风光设备","11本地调试机房","1","遥测"
"风光设备","00001006000000201871","6207800078322000001","078322","1","风力发电机XX相电流Ia","0","78","风光设备","11本地调试机房","1","遥测"
"风光设备","00001006000000201871","6207800078323000001","078323","1","风力发电机XX相电流Ib","0","78","风光设备","11本地调试机房","1","遥测"
"风光设备","00001006000000201871","6207800078324000001","078324","1","风力发电机XX相电流Ic","0","78","风光设备","11本地调试机房","1","遥测"
"风光设备","00001006000000201871","6207800078325000001","078325","1","充电安时数","0","78","风光设备","11本地调试机房","1","遥测"
"风光设备","00001006000000201871","6207800078326000001","078326","1","充电电流","0","78","风光设备","11本地调试机房","1","遥测"
"风光设备","00001006000000201871","6207800078327000001","078327","1","放电安时数","0","78","风光设备","11本地调试机房","1","遥测"
"风光设备","00001006000000201871","6207800078328000001","078328","1","放电电流","0","78","风光设备","11本地调试机房","1","遥测"
"风光设备","00001006000000201871","6207800078329000001","078329","1","电池温度","0","78","风光设备","11本地调试机房","1","遥测"
"风光设备","00001006000000201871","6207800078330000001","078330","1","蓄电池电压","0","78","风光设备","11本地调试机房","1","遥测"
"风光设备","00001006000000201871","6207800078331000001","078331","1","总发电量","0","78","风光设备","11本地调试机房","1","遥测"
"风光设备","00001006000000201871","6207800078332000001","078332","1","机内温度","0","78","风光设备","11本地调试机房","1","遥测"
"风光设备","00001006000000201871","6207800078333000001","078333","1","当日发电量","0","78","风光设备","11本地调试机房","1","遥测"
"风光设备","00001006000000201871","6207800078335000001","078335","1","太阳能控制器输出电压","0","78","风光设备","11本地调试机房","1","遥测"
"风光设备","00001006000000201871","6207800078998000001","078998","1","标准化错误","0","78","风光设备","11本地调试机房","1","遥测"
"风光设备","00001006000000201871","6207800078998000002","078998","1","标准化错误","0","78","风光设备","11本地调试机房","1","遥测"
"高压直流电源","00001006000000201872","6208700087101000001","087101","2","模块XX开机","0","87","高压直流电源","11本地调试机房","2","遥控"
"高压直流电源","00001006000000201872","6208700087102000001","087102","2","模块XX关机","0","87","高压直流电源","11本地调试机房","2","遥控"
"高压直流电源","00001006000000201872","6208700087103000001","087103","2","遥控均浮充","0","87","高压直流电源","11本地调试机房","2","遥控"
"高压直流电源","00001006000000201872","6208700087104000001","087104","2","电池组放电测试启动","0","87","高压直流电源","11本地调试机房","2","遥控"
"高压直流电源","00001006000000201872","6208700087105000001","087105","2","电池组放电测试结束","0","87","高压直流电源","11本地调试机房","2","遥控"
"高压直流电源","00001006000000201872","6208700087301000001","087301","1","系统输入相电压Ua","0","87","高压直流电源","11本地调试机房","1","遥测"
"高压直流电源","00001006000000201872","6208700087302000001","087302","1","系统输入相电压Ub","0","87","高压直流电源","11本地调试机房","1","遥测"
"高压直流电源","00001006000000201872","6208700087303000001","087303","1","系统输入相电压Uc","0","87","高压直流电源","11本地调试机房","1","遥测"
"高压直流电源","00001006000000201872","6208700087304000001","087304","1","系统输入相电流Ia","0","87","高压直流电源","11本地调试机房","1","遥测"
"高压直流电源","00001006000000201872","6208700087305000001","087305","1","系统输入相电流Ib","0","87","高压直流电源","11本地调试机房","1","遥测"
"高压直流电源","00001006000000201872","6208700087306000001","087306","1","系统输入相电流Ic","0","87","高压直流电源","11本地调试机房","1","遥测"
"高压直流电源","00001006000000201872","6208700087307000001","087307","1","频率","0","87","高压直流电源","11本地调试机房","1","遥测"
"高压直流电源","00001006000000201872","6208700087308000001","087308","1","直流输出电压","0","87","高压直流电源","11本地调试机房","1","遥测"
"高压直流电源","00001006000000201872","6208700087309000001","087309","1","负载总电流","0","87","高压直流电源","11本地调试机房","1","遥测"
"高压直流电源","00001006000000201872","6208700087310000001","087310","1","分路XX电流","0","87","高压直流电源","11本地调试机房","1","遥测"
"高压直流电源","00001006000000201872","6208700087311000001","087311","1","电池组XX电流","0","87","高压直流电源","11本地调试机房","1","遥测"
"高压直流电源","00001006000000201872","6208700087312000001","087312","1","模块XX电流","0","87","高压直流电源","11本地调试机房","1","遥测"
"高压直流电源","00001006000000201872","6208700087313000001","087313","1","模块XX温度","0","87","高压直流电源","11本地调试机房","1","遥测"
"高压直流电源","00001006000000201872","6208700087314000001","087314","1","电池组XX充放电电流","0","87","高压直流电源","11本地调试机房","1","遥测"
"高压直流电源","00001006000000201872","6208700087315000001","087315","1","模块XX输入线电压Uab","0","87","高压直流电源","11本地调试机房","1","遥测"
"高压直流电源","00001006000000201872","6208700087316000001","087316","1","模块XX输入线电压Ubc","0","87","高压直流电源","11本地调试机房","1","遥测"
"高压直流电源","00001006000000201872","6208700087317000001","087317","1","模块XX输入线电压Uca","0","87","高压直流电源","11本地调试机房","1","遥测"
"高压直流电源","00001006000000201872","6208700087318000001","087318","1","母排绝缘电阻值","0","87","高压直流电源","11本地调试机房","1","遥测"
"高压直流电源配电","00001006000000201873","6208800088301000001","088301","1","直流电压","0","88","高压直流电源配电","11本地调试机房","1","遥测"
"高压直流电源配电","00001006000000201873","6208800088302000001","088302","1","负载总电流XX","0","88","高压直流电源配电","11本地调试机房","1","遥测"
"高压直流电源配电","00001006000000201873","6208800088303000001","088303","1","分路XX输出电流","0","88","高压直流电源配电","11本地调试机房","1","遥测"
"高压直流电源配电","00001006000000201873","6208800088304000001","088304","1","主路总电度","0","88","高压直流电源配电","11本地调试机房","1","遥测"
"高压直流电源配电","00001006000000201873","6208800088305000001","088305","1","备路总电度","0","88","高压直流电源配电","11本地调试机房","1","遥测"
"高压直流电源配电","00001006000000201873","6208800088306000001","088306","1","主路总功率","0","88","高压直流电源配电","11本地调试机房","1","遥测"
"高压直流电源配电","00001006000000201873","6208800088307000001","088307","1","备路总功率","0","88","高压直流电源配电","11本地调试机房","1","遥测"
"高压直流电源配电","00001006000000201873","6208800088308000001","088308","1","分路XX电度","0","88","高压直流电源配电","11本地调试机房","1","遥测"
"高压直流电源配电","00001006000000201873","6208800088309000001","088309","1","分路XX功率","0","88","高压直流电源配电","11本地调试机房","1","遥测"
"高压直流电源配电","00001006000000201873","6208800088310000001","088310","1","分路XX漏电流","0","88","高压直流电源配电","11本地调试机房","1","遥测"
"高压直流电源配电","00001006000000201873","6208800088401000001","088401","4","进线防雷器开关状态","0","88","高压直流电源配电","11本地调试机房","0","遥信"
"高压直流电源配电","00001006000000201873","6208800088402000001","088402","4","进线防雷器状态","0","88","高压直流电源配电","11本地调试机房","0","遥信"
"高压直流电源配电","00001006000000201873","6208800088998000001","088998","1","标准化错误","0","88","高压直流电源配电","11本地调试机房","1","遥测"
"智能电表","00001006000000201874","6209200092301000001","092301","1","相电压Ua","0","92","智能电表","11本地调试机房","1","遥测"
"智能电表","00001006000000201874","6209200092302000001","092302","1","相电压Ub","0","92","智能电表","11本地调试机房","1","遥测"
"智能电表","00001006000000201874","6209200092303000001","092303","1","相电压Uc","0","92","智能电表","11本地调试机房","1","遥测"
"智能电表","00001006000000201874","6209200092304000001","092304","1","相电流Ia","0","92","智能电表","11本地调试机房","1","遥测"
"智能电表","00001006000000201874","6209200092305000001","092305","1","相电流Ib","0","92","智能电表","11本地调试机房","1","遥测"
"智能电表","00001006000000201874","6209200092306000001","092306","1","相电流Ic","0","92","智能电表","11本地调试机房","1","遥测"
"智能电表","00001006000000201874","6209200092307000001","092307","1","零序电流Io","0","92","智能电表","11本地调试机房","1","遥测"
"智能电表","00001006000000201874","6209200092308000001","092308","1","有功功率Pa","0","92","智能电表","11本地调试机房","1","遥测"
"智能电表","00001006000000201874","6209200092309000001","092309","1","有功功率Pb","0","92","智能电表","11本地调试机房","1","遥测"
"智能电表","00001006000000201874","6209200092310000001","092310","1","有功功率Pc","0","92","智能电表","11本地调试机房","1","遥测"
"智能电表","00001006000000201874","6209200092311000001","092311","1","无功功率Qa","0","92","智能电表","11本地调试机房","1","遥测"
"智能电表","00001006000000201874","6209200092312000001","092312","1","无功功率Qb","0","92","智能电表","11本地调试机房","1","遥测"
"智能电表","00001006000000201874","6209200092313000001","092313","1","无功功率Qc","0","92","智能电表","11本地调试机房","1","遥测"
"智能电表","00001006000000201874","6209200092314000001","092314","1","功率因数","0","92","智能电表","11本地调试机房","1","遥测"
"智能电表","00001006000000201874","6209200092315000001","092315","1","频率","0","92","智能电表","11本地调试机房","1","遥测"
"智能电表","00001006000000201874","6209200092316000001","092316","1","正向有功电能","0","92","智能电表","11本地调试机房","1","遥测"
"智能电表","00001006000000201874","6209200092317000001","092317","1","正向无功电能","0","92","智能电表","11本地调试机房","1","遥测"
"智能电表","00001006000000201874","6209200092318000001","092318","1","线电压Uab","0","92","智能电表","11本地调试机房","1","遥测"
"智能电表","00001006000000201874","6209200092319000001","092319","1","线电压Ubc","0","92","智能电表","11本地调试机房","1","遥测"
"智能电表","00001006000000201874","6209200092320000001","092320","1","线电压Uca","0","92","智能电表","11本地调试机房","1","遥测"
"智能电表","00001006000000201874","6209200092321000001","092321","1","直流电压","0","92","智能电表","11本地调试机房","1","遥测"
"智能电表","00001006000000201874","6209200092322000001","092322","1","直流电流","0","92","智能电表","11本地调试机房","1","遥测"
"智能电表","00001006000000201874","6209200092323000001","092323","1","直流功率","0","92","智能电表","11本地调试机房","1","遥测"
"智能电表","00001006000000201874","6209200092324000001","092324","1","总电度","0","92","智能电表","11本地调试机房","1","遥测"
"智能电表","00001006000000201874","6209200092325000001","092325","1","日电度","0","92","智能电表","11本地调试机房","1","遥测"
"智能电表","00001006000000201874","6209200092326000001","092326","1","月电度","0","92","智能电表","11本地调试机房","1","遥测"
"智能电表","00001006000000201874","6209200092327000001","092327","1","电压畸变率","0","92","智能电表","11本地调试机房","1","遥测"
"智能电表","00001006000000201874","6209200092328000001","092328","1","总电流畸变率","0","92","智能电表","11本地调试机房","1","遥测"
"智能电表","00001006000000201874","6209200092329000001","092329","1","总电流","0","92","智能电表","11本地调试机房","1","遥测"
"智能电表","00001006000000201874","6209200092330000001","092330","1","总有功功率","0","92","智能电表","11本地调试机房","1","遥测"
"智能电表","00001006000000201874","6209200092331000001","092331","1","第XX路A相电流Ia","0","92","智能电表","11本地调试机房","1","遥测"
"智能电表","00001006000000201874","6209200092332000001","092332","1","第XX路B相电流Ib","0","92","智能电表","11本地调试机房","1","遥测"
"智能电表","00001006000000201874","6209200092333000001","092333","1","第XX路C相电流Ic","0","92","智能电表","11本地调试机房","1","遥测"
"智能电表","00001006000000201874","6209200092334000001","092334","1","第XX路正向有功电能","0","92","智能电表","11本地调试机房","1","遥测"
"智能电表","00001006000000201874","6209200092401000001","092401","4","电表状态位","0","92","智能电表","11本地调试机房","0","遥信"
"智能门禁","00001006000000201875","6209300093101000001","093101","2","远程开门","0","93","智能门禁","11本地调试机房","2","遥控"
"智能门禁","00001006000000201875","6209300093102000001","093102","2","门禁复位","0","93","智能门禁","11本地调试机房","2","遥控"
"智能门禁","00001006000000201875","6209300093103000001","093103","2","增加门禁卡","0","93","智能门禁","11本地调试机房","2","遥控"
"智能门禁","00001006000000201875","6209300093104000001","093104","2","删除门禁卡","0","93","智能门禁","11本地调试机房","2","遥控"
"智能门禁","00001006000000201875","6209300093105000001","093105","2","删除所有门禁卡","0","93","智能门禁","11本地调试机房","2","遥控"
"智能门禁","00001006000000201875","6209300093106000001","093106","2","修改门禁卡设置","0","93","智能门禁","11本地调试机房","2","遥控"
"智能门禁","00001006000000201875","6209300093107000001","093107","2","设置准进时间段","0","93","智能门禁","11本地调试机房","2","遥控"
"智能门禁","00001006000000201875","6209300093301000001","093301","1","门禁校时设置","0","93","智能门禁","11本地调试机房","1","遥测"
"智能门禁","00001006000000201875","6209300093302000001","093302","1","刷卡卡号","0","93","智能门禁","11本地调试机房","1","遥测"
"智能门禁","00001006000000201875","6209300093303000001","093303","1","刷卡时间","0","93","智能门禁","11本地调试机房","1","遥测"
"智能门禁","00001006000000201875","6209300093304000001","093304","1","门禁时间","0","93","智能门禁","11本地调试机房","1","遥测"
"智能门禁","00001006000000201875","6209300093305000001","093305","1","开门超时时间设定值","0","93","智能门禁","11本地调试机房","1","遥测"
"智能门禁","00001006000000201875","6209300093401000001","093401","4","门磁开关状态","0","93","智能门禁","11本地调试机房","0","遥信"
"智能门禁","00001006000000201875","6209300093402000001","093402","4","门锁开关状态","0","93","智能门禁","11本地调试机房","0","遥信"
