2025092201,上海设备2025年00000FSU
2025092202,上海设备2025年00001FSU
2025092203,上海设备2025年00002FSU
2025092204,上海设备2025年00003FSU
2025092205,上海设备2025年00004FSU
2025092206,上海设备2025年00005FSU
2025092207,上海设备2025年00006FSU
2025092208,上海设备2025年00007FSU
2025092209,上海设备2025年00008FSU
2025092210,上海设备2025年00009FSU
2025092211,上海设备2025年00010FSU
2025092212,上海设备2025年00011FSU
2025092213,上海设备2025年00012FSU
2025092214,上海设备2025年00013FSU
2025092215,上海设备2025年00014FSU
2025092216,上海设备2025年00015FSU
2025092217,上海设备2025年00016FSU
2025092218,上海设备2025年00017FSU
2025092219,上海设备2025年00018FSU
2025092220,上海设备2025年00019FSU
2025092221,上海设备2025年00020FSU
2025092222,上海设备2025年00021FSU
2025092223,上海设备2025年00022FSU
2025092224,上海设备2025年00023FSU
2025092225,上海设备2025年00024FSU
2025092226,上海设备2025年00025FSU
2025092227,上海设备2025年00026FSU
2025092228,上海设备2025年00027FSU
2025092229,上海设备2025年00028FSU
2025092230,上海设备2025年00029FSU
2025092231,上海设备2025年00030FSU
2025092232,上海设备2025年00031FSU
2025092233,上海设备2025年00032FSU
2025092234,上海设备2025年00033FSU
2025092235,上海设备2025年00034FSU
2025092236,上海设备2025年00035FSU
2025092237,上海设备2025年00036FSU
2025092238,上海设备2025年00037FSU
2025092239,上海设备2025年00038FSU
2025092240,上海设备2025年00039FSU
2025092241,上海设备2025年00040FSU
2025092242,上海设备2025年00041FSU
2025092243,上海设备2025年00042FSU
2025092244,上海设备2025年00043FSU
2025092245,上海设备2025年00044FSU
2025092246,上海设备2025年00045FSU
2025092247,上海设备2025年00046FSU
2025092248,上海设备2025年00047FSU
2025092249,上海设备2025年00048FSU
2025092250,上海设备2025年00049FSU
2025092251,上海设备2025年00050FSU
2025092252,上海设备2025年00051FSU
2025092253,上海设备2025年00052FSU
2025092254,上海设备2025年00053FSU
2025092255,上海设备2025年00054FSU
2025092256,上海设备2025年00055FSU
2025092257,上海设备2025年00056FSU
2025092258,上海设备2025年00057FSU
2025092259,上海设备2025年00058FSU
2025092260,上海设备2025年00059FSU
2025092261,上海设备2025年00060FSU
2025092262,上海设备2025年00061FSU
2025092263,上海设备2025年00062FSU
2025092264,上海设备2025年00063FSU
2025092265,上海设备2025年00064FSU
2025092266,上海设备2025年00065FSU
2025092267,上海设备2025年00066FSU
2025092268,上海设备2025年00067FSU
2025092269,上海设备2025年00068FSU
2025092270,上海设备2025年00069FSU
2025092271,上海设备2025年00070FSU
2025092272,上海设备2025年00071FSU
2025092273,上海设备2025年00072FSU
2025092274,上海设备2025年00073FSU
2025092275,上海设备2025年00074FSU
2025092276,上海设备2025年00075FSU
2025092277,上海设备2025年00076FSU
2025092278,上海设备2025年00077FSU
2025092279,上海设备2025年00078FSU
2025092280,上海设备2025年00079FSU
2025092281,上海设备2025年00080FSU
2025092282,上海设备2025年00081FSU
2025092283,上海设备2025年00082FSU
2025092284,上海设备2025年00083FSU
2025092285,上海设备2025年00084FSU
2025092286,上海设备2025年00085FSU
2025092287,上海设备2025年00086FSU
2025092288,上海设备2025年00087FSU
2025092289,上海设备2025年00088FSU
2025092290,上海设备2025年00089FSU
2025092291,上海设备2025年00090FSU
2025092292,上海设备2025年00091FSU
2025092293,上海设备2025年00092FSU
2025092294,上海设备2025年00093FSU
2025092295,上海设备2025年00094FSU
2025092296,上海设备2025年00095FSU
2025092297,上海设备2025年00096FSU
2025092298,上海设备2025年00097FSU
2025092299,上海设备2025年00098FSU
