黄某某_上海断电测试站点,上海楼栋1,上海机房1,7369015832921513984,测试机柜列1,3c28cf3acd124ea6aaeeea8f63050e34,测试机柜1
黄某某_上海断电测试站点,上海楼栋2,上海机房2,7369015859500818432,测试机柜列2,4ef4ba1eb67845a49c4ed2ba4b9e97d3,测试机柜2
黄某某_上海断电测试站点,上海楼栋3,上海机房3,7369015886008819712,测试机柜列3,fbc3631f8de44a7dae7cd6e208ff28fb,测试机柜3
黄某某_上海断电测试站点,上海楼栋4,上海机房4,7369015912500043776,测试机柜列4,ea2998dfb66b4c3eab5637489e81087d,测试机柜4
黄某某_上海断电测试站点,上海楼栋5,上海机房5,7369015939024822272,测试机柜列5,144b66fcb3dd4800bd6a64e12d3f2643,测试机柜5
黄某某_上海断电测试站点,上海楼栋6,上海机房6,7369015965486686208,测试机柜列6,99f79c1a6f7f4c8a82d6e0389c0abbbe,测试机柜6
黄某某_上海断电测试站点,上海楼栋7,上海机房7,7369015991969521664,测试机柜列7,32e01af5338e4b699293873cdcb25fa7,测试机柜7
黄某某_上海断电测试站点,上海楼栋8,上海机房8,7369016018456551424,测试机柜列8,b9f3cc0dd2134e98b9457d54b388b62b,测试机柜8
黄某某_上海断电测试站点,上海楼栋9,上海机房9,7369016044935192576,测试机柜列9,cf9bd8b558c54a328c82163268f539be,测试机柜9
黄某某_上海断电测试站点,上海楼栋10,上海机房10,7369016071426416640,测试机柜列10,73e7774f9d804e5389c35359ee70ad68,测试机柜10
黄某某_上海断电测试站点,上海楼栋11,上海机房11,7369016097934417920,测试机柜列11,d8099fcb613d4689b71ac987355ee2a1,测试机柜11
黄某某_上海断电测试站点,上海楼栋12,上海机房12,7369016124400476160,测试机柜列12,a7fb14568ad0406eb311e4e0389878a1,测试机柜12
黄某某_上海断电测试站点,上海楼栋13,上海机房13,7369016150895894528,测试机柜列13,95353808b1b24ae19d366aadb8e43c87,测试机柜13
黄某某_上海断电测试站点,上海楼栋14,上海机房14,7369016177399701504,测试机柜列14,1bfe0d8341f34e4698121acd6085ebed,测试机柜14
黄某某_上海断电测试站点,上海楼栋15,上海机房15,7369016203882536960,测试机柜列15,87cf17f8b9734bbd9bdd43df4c212f99,测试机柜15
黄某某_上海断电测试站点,上海楼栋16,上海机房16,7369016230365372416,测试机柜列16,554ba0a7c8a548629cd6a8dc97dae793,测试机柜16
黄某某_上海断电测试站点,上海楼栋17,上海机房17,7369016256877568000,测试机柜列17,e42c6c51512643578d9a4511cea1a97e,测试机柜17
黄某某_上海断电测试站点,上海楼栋18,上海机房18,7369016283322654720,测试机柜列18,71ab2324ff5a494a875e4c76c87d1310,测试机柜18
黄某某_上海断电测试站点,上海楼栋19,上海机房19,7369016309784518656,测试机柜列19,c3be6adadd714936952ed0011e3f1877,测试机柜19
黄某某_上海断电测试站点,上海楼栋20,上海机房20,7369016336271548416,测试机柜列20,1db9742b7442470985293de587103bf7,测试机柜20
黄某某_上海断电测试站点,上海楼栋21,上海机房21,7369016362813104128,测试机柜列21,c01bed9cdeac43f286518dfcd7db3cf7,测试机柜21
黄某某_上海断电测试站点,上海楼栋22,上海机房22,7369016389316911104,测试机柜列22,df6f50fc33854484a922f26d744bedd4,测试机柜22
黄某某_上海断电测试站点,上海楼栋23,上海机房23,7369016415799746560,测试机柜列23,5d5d0001c2e94b66b4b5db113b4b9d11,测试机柜23
黄某某_上海断电测试站点,上海楼栋24,上海机房24,7369016442295164928,测试机柜列24,61fba103ed674f348cb98e5bab760cf3,测试机柜24
黄某某_上海断电测试站点,上海楼栋25,上海机房25,7369016468815749120,测试机柜列25,3d28e9b8517a4b2991503feed30dd3ce,测试机柜25
黄某某_上海断电测试站点,上海楼栋26,上海机房26,7369016495332139008,测试机柜列26,a62d4d1cc8dc43969c583e32e18f6135,测试机柜26
黄某某_上海断电测试站点,上海楼栋27,上海机房27,7369016521844334592,测试机柜列27,a94d582305074226aef48747b3f9c742,测试机柜27
黄某某_上海断电测试站点,上海楼栋28,上海机房28,7369016548339752960,测试机柜列28,c42a2d72bc5f4b0e97fe01b46d9e7334,测试机柜28
黄某某_上海断电测试站点,上海楼栋29,上海机房29,7369016574893891584,测试机柜列29,1c6ec732ff28421aaf24cadbddb08e06,测试机柜29
黄某某_上海断电测试站点,上海楼栋30,上海机房30,7369016601355755520,测试机柜列30,9fa277c8923c4296ace403171d30f8cf,测试机柜30
黄某某_上海断电测试站点,上海楼栋31,上海机房31,7369016627855368192,测试机柜列31,ffdc3371dedb4ae0b387a837d56adb28,测试机柜31
黄某某_上海断电测试站点,上海楼栋32,上海机房32,7369016654334009344,测试机柜列32,2369d3c054ec40ee81b6a1cd65ca0262,测试机柜32
黄某某_上海断电测试站点,上海楼栋33,上海机房33,7369016680791678976,测试机柜列33,0d0684dd14ba45609c0d001358b11506,测试机柜33
黄某某_上海断电测试站点,上海楼栋34,上海机房34,7369016707257737216,测试机柜列34,7c169450ab1c4174bfd056c85c703a6c,测试机柜34
黄某某_上海断电测试站点,上海楼栋35,上海机房35,7369016733736378368,测试机柜列35,bdc7b34f942b4c988a6251a9832b5706,测试机柜35
黄某某_上海断电测试站点,上海楼栋36,上海机房36,7369016760273739776,测试机柜列36,ac0aefb8cc084985bbfd9d2566bd904b,测试机柜36
黄某某_上海断电测试站点,上海楼栋37,上海机房37,7369016786777546752,测试机柜列37,a76e494c7fc344188209137f0efabf83,测试机柜37
黄某某_上海断电测试站点,上海楼栋38,上海机房38,7369016813214244864,测试机柜列38,e958adead1d648e58aec0605a7508958,测试机柜38
黄某某_上海断电测试站点,上海楼栋39,上海机房39,7369016839688691712,测试机柜列39,82ab0415c92045b6a8ec80133df49b1a,测试机柜39
黄某某_上海断电测试站点,上海楼栋40,上海机房40,7369016866217664512,测试机柜列40,e3fcaf92a7674de79fa88e8158f36d26,测试机柜40
黄某某_上海断电测试站点,上海楼栋41,上海机房41,7369016892713082880,测试机柜列41,931401445aa5437788e7b891cd380a73,测试机柜41
黄某某_上海断电测试站点,上海楼栋42,上海机房42,7369016919229472768,测试机柜列42,2a573b9b3b94487f80a02eddfbffa30c,测试机柜42
黄某某_上海断电测试站点,上海楼栋43,上海机房43,7369016945716502528,测试机柜列43,6fc9178cc0d04c4d9af15b00d0f6b54b,测试机柜43
黄某某_上海断电测试站点,上海楼栋44,上海机房44,7369016972203532288,测试机柜列44,45fe0f6dc7a1407e864f7d71d32c2386,测试机柜44
黄某某_上海断电测试站点,上海楼栋45,上海机房45,7369016998745088000,测试机柜列45,9dfdd0b94a7643ec8c2e0eb927287ef8,测试机柜45
黄某某_上海断电测试站点,上海楼栋46,上海机房46,7369017025219534848,测试机柜列46,3cebbe6b9b844c4da175a5b789f2291b,测试机柜46
黄某某_上海断电测试站点,上海楼栋47,上海机房47,7369017051698176000,测试机柜列47,4410e734c2fa4d14b48c4a2c8b3e39d0,测试机柜47
黄某某_上海断电测试站点,上海楼栋48,上海机房48,7369017078181011456,测试机柜列48,d68538d181324f029e4dc983df530f77,测试机柜48
黄某某_上海断电测试站点,上海楼栋49,上海机房49,7369017104617709568,测试机柜列49,09b9157526184ea4898949116893b885,测试机柜49
黄某某_上海断电测试站点,上海楼栋50,上海机房50,7369017131108933632,测试机柜列50,2280e32d4f534945a87a35176d56ef63,测试机柜50
黄某某_上海断电测试站点,上海楼栋51,上海机房51,7369017157625323520,测试机柜列51,63066f9f452f4d2b957ed757bd4c39b6,测试机柜51
黄某某_上海断电测试站点,上海楼栋52,上海机房52,7369017184116547584,测试机柜列52,179ffa86d4774a3fa5389b784967438b,测试机柜52
黄某某_上海断电测试站点,上海楼栋53,上海机房53,7369017210586800128,测试机柜列53,e2828bd4ae4046ee9b8d35c2edac4178,测试机柜53
黄某某_上海断电测试站点,上海楼栋54,上海机房54,7369017237019303936,测试机柜列54,f18c1348b50d406e951d2c1429ec11d9,测试机柜54
黄某某_上海断电测试站点,上海楼栋55,上海机房55,7369017263493750784,测试机柜列55,47513bc6827b48babf4eae49a59a4ea4,测试机柜55
黄某某_上海断电测试站点,上海楼栋56,上海机房56,7369017289955614720,测试机柜列56,bed2e84b302742f58a7329f2f4c7119c,测试机柜56
黄某某_上海断电测试站点,上海楼栋57,上海机房57,7369017316455227392,测试机柜列57,f9f10534265243089dba228ace9b5417,测试机柜57
黄某某_上海断电测试站点,上海楼栋58,上海机房58,7369017342904508416,测试机柜列58,4c8e5eb6fce04fb4868735f9bf9be678,测试机柜58
黄某某_上海断电测试站点,上海楼栋59,上海机房59,7369017369374760960,测试机柜列59,f1f248f37b3d4209806d4f33c0c233a4,测试机柜59
黄某某_上海断电测试站点,上海楼栋60,上海机房60,7369017395845013504,测试机柜列60,2c9f2bf0cd0e4d469a4c81c4d2bfc6de,测试机柜60
黄某某_上海断电测试站点,上海楼栋61,上海机房61,7369017422353014784,测试机柜列61,42d0454e20724aeeaecb07831f82985f,测试机柜61
黄某某_上海断电测试站点,上海楼栋62,上海机房62,7369017448881987584,测试机柜列62,778d7c6f56e24aa390f1cc85f4371fa8,测试机柜62
黄某某_上海断电测试站点,上海楼栋63,上海机房63,7369017475285131264,测试机柜列63,1cd78166c10543b7b15aace70601c7c6,测试机柜63
黄某某_上海断电测试站点,上海楼栋64,上海机房64,7369017501763772416,测试机柜列64,1a6866e60e014775b514fe63a8ff4468,测试机柜64
黄某某_上海断电测试站点,上海楼栋65,上海机房65,7369017528229830656,测试机柜列65,d73a5d959e3d4f64aa300da61c256466,测试机柜65
黄某某_上海断电测试站点,上海楼栋66,上海机房66,7369017554674917376,测试机柜列66,d05137d39bae40e59d8c4104f0361401,测试机柜66
黄某某_上海断电测试站点,上海楼栋67,上海机房67,7369017581208084480,测试机柜列67,d76446408d7b46728b253635ad9f5974,测试机柜67
黄某某_上海断电测试站点,上海楼栋68,上海机房68,7369017607699308544,测试机柜列68,d9fe836d8daa41d1b8af4484226ed304,测试机柜68
黄某某_上海断电测试站点,上海楼栋69,上海机房69,7369017634219892736,测试机柜列69,efea86d48cbf4a958b2a007f35c7ab95,测试机柜69
黄某某_上海断电测试站点,上海楼栋70,上海机房70,7369017660744671232,测试机柜列70,079533a120cc402c86acb114dc0f2773,测试机柜70
黄某某_上海断电测试站点,上海楼栋71,上海机房71,7369017687282032640,测试机柜列71,04ca6ca72975446b95f3aa8a89307bd7,测试机柜71
黄某某_上海断电测试站点,上海楼栋72,上海机房72,7369017713756479488,测试机柜列72,afa51ef894d648fab06361c10ffa3a58,测试机柜72
黄某某_上海断电测试站点,上海楼栋73,上海机房73,7369017740218343424,测试机柜列73,bcf503271ee64a74bb429026b789f62c,测试机柜73
黄某某_上海断电测试站点,上海楼栋74,上海机房74,7369017766692790272,测试机柜列74,11e53c07308f460983b8def0fcd9afb9,测试机柜74
黄某某_上海断电测试站点,上海楼栋75,上海机房75,7369017793196597248,测试机柜列75,585c21381cf04a14b3e4cdacf4eabc0d,测试机柜75
黄某某_上海断电测试站点,上海楼栋76,上海机房76,7369017819708792832,测试机柜列76,5c43121f15fa48dea6dc102245e39fb8,测试机柜76
黄某某_上海断电测试站点,上海楼栋77,上海机房77,7369017846183239680,测试机柜列77,659f16b34fcb4fb1a0c21979420179e2,测试机柜77
黄某某_上海断电测试站点,上海楼栋78,上海机房78,7369017872678658048,测试机柜列78,be34d3dbd4944f77a509a4b84f98abb0,测试机柜78
黄某某_上海断电测试站点,上海楼栋79,上海机房79,7369017899220213760,测试机柜列79,c7e9cafe7056426a806480c67ebaf69b,测试机柜79
黄某某_上海断电测试站点,上海楼栋80,上海机房80,7369017925732409344,测试机柜列80,c7169254588b425a8f19f403f7ad8dc4,测试机柜80
黄某某_上海断电测试站点,上海楼栋81,上海机房81,7369017952198467584,测试机柜列81,97fc1b9c851440da90fa2cdb7be45dc1,测试机柜81
黄某某_上海断电测试站点,上海楼栋82,上海机房82,7369017978714857472,测试机柜列82,707061de767f4e588431dcc902ae53f0,测试机柜82
黄某某_上海断电测试站点,上海楼栋83,上海机房83,7369018005172527104,测试机柜列83,5fb6edd5358f40ed888112e7f26d134b,测试机柜83
黄某某_上海断电测试站点,上海楼栋84,上海机房84,7369018031646973952,测试机柜列84,436e1d5cf6a946a99af9f766c71f2828,测试机柜84
黄某某_上海断电测试站点,上海楼栋85,上海机房85,7369018058113032192,测试机柜列85,2147a9949fcb4df3b2bbaa3aa60b58ce,测试机柜85
黄某某_上海断电测试站点,上海楼栋86,上海机房86,7369018084608450560,测试机柜列86,6db8fd2dbaf34e2f84a07625c8037a8e,测试机柜86
黄某某_上海断电测试站点,上海楼栋87,上海机房87,7369018111103868928,测试机柜列87,3ae161feea034d9495593d555f0e7953,测试机柜87
黄某某_上海断电测试站点,上海楼栋88,上海机房88,7369018137624453120,测试机柜列88,1ca6935308634b94a4241b2d642a8f5e,测试机柜88
黄某某_上海断电测试站点,上海楼栋89,上海机房89,7369018164115677184,测试机柜列89,be3de0ed5cc9401ca2f94898e6173436,测试机柜89
黄某某_上海断电测试站点,上海楼栋90,上海机房90,7369018190611095552,测试机柜列90,6a633e043cef4060975f97d5037a6c35,测试机柜90
黄某某_上海断电测试站点,上海楼栋91,上海机房91,7369018217068765184,测试机柜列91,26e91afb71584faca20b2d71f7e18929,测试机柜91
黄某某_上海断电测试站点,上海楼栋92,上海机房92,7369018243559989248,测试机柜列92,12a8aea3ebe54904aa8d120e6121e9af,测试机柜92
黄某某_上海断电测试站点,上海楼栋93,上海机房93,7369018270030241792,测试机柜列93,1fe05286f5aa4453ad3dfe9c2da20c26,测试机柜93
黄某某_上海断电测试站点,上海楼栋94,上海机房94,7369018296575991808,测试机柜列94,16cb71f3f85e4ff7b7dad4241571af8f,测试机柜94
黄某某_上海断电测试站点,上海楼栋95,上海机房95,7369018323025272832,测试机柜列95,c636222cfdc24a2d8de9e27ba602d87c,测试机柜95
黄某某_上海断电测试站点,上海楼栋96,上海机房96,7369018349537468416,测试机柜列96,02788dfb4d9840a6b31d5b6e49bdf702,测试机柜96
黄某某_上海断电测试站点,上海楼栋97,上海机房97,7369018376045469696,测试机柜列97,2da8d4577b5543a8aee9f66e0de5b9b6,测试机柜97
黄某某_上海断电测试站点,上海楼栋98,上海机房98,7369018402557665280,测试机柜列98,9c80d9e5d15e46b6accef3a109f11b4d,测试机柜98
黄某某_上海断电测试站点,上海楼栋99,上海机房99,7369018429082443776,测试机柜列99,80ea6bd074ae4d4cb1ce7a9a00321c3d,测试机柜99
黄某某_上海断电测试站点,上海楼栋100,上海机房100,7369018455603027968,测试机柜列100,0381a57f2c7a47459728e7d6f6a3a395,测试机柜100
