device_id,device_name,precinct_name
00441006000000200646,低压直流配电1,性能采集机房10_200快1
00441006000000200666,低压直流配电2,性能采集机房10_200快1
00441006000000200667,低压直流配电3,性能采集机房10_200快1
00441006000000200668,低压直流配电4,性能采集机房10_200快1
00441006000000200669,低压直流配电5,性能采集机房10_200快1
00441006000000200670,低压直流配电6,性能采集机房10_200快1
00441006000000200671,低压直流配电7,性能采集机房10_200快1
00441006000000200672,低压直流配电8,性能采集机房10_200快1
00441006000000200673,低压直流配电9,性能采集机房10_200快1
00441006000000200674,低压直流配电10,性能采集机房10_200快1
00441006000000200675,低压直流配电11,性能采集机房10_200快1
00441006000000200676,低压直流配电12,性能采集机房10_200快1
00441006000000200677,低压直流配电13,性能采集机房10_200快1
00441006000000200678,低压直流配电14,性能采集机房10_200快1
00441006000000200679,低压直流配电15,性能采集机房10_200快1
00441006000000200680,低压直流配电16,性能采集机房10_200快1
00441006000000200681,低压直流配电17,性能采集机房10_200快1
00441006000000200682,低压直流配电18,性能采集机房10_200快1
00441006000000200683,低压直流配电19,性能采集机房10_200快1
00441006000000200684,低压直流配电20,性能采集机房10_200快1
00441006000000200685,低压直流配电21,性能采集机房10_200快1
00441006000000200686,低压直流配电22,性能采集机房10_200快1
00441006000000200687,低压直流配电23,性能采集机房10_200快1
00441006000000200688,低压直流配电24,性能采集机房10_200快1
00441006000000200689,低压直流配电25,性能采集机房10_200快1
00441006000000200690,低压直流配电26,性能采集机房10_200快1
00441006000000200691,低压直流配电27,性能采集机房10_200快1
00441006000000200692,低压直流配电28,性能采集机房10_200快1
00441006000000200693,低压直流配电29,性能采集机房10_200快1
00441006000000200694,低压直流配电30,性能采集机房10_200快1
00441006000000200695,低压直流配电31,性能采集机房10_200快1
00441006000000200696,低压直流配电32,性能采集机房10_200快1
00441006000000200697,低压直流配电33,性能采集机房10_200快1
00441006000000200698,低压直流配电34,性能采集机房10_200快1
00441006000000200699,低压直流配电35,性能采集机房10_200快1
00441006000000200700,低压直流配电36,性能采集机房10_200快1
00441006000000200701,低压直流配电37,性能采集机房10_200快1
00441006000000200702,低压直流配电38,性能采集机房10_200快1
00441006000000200703,低压直流配电39,性能采集机房10_200快1
00441006000000200704,低压直流配电40,性能采集机房10_200快1
00441006000000200705,低压直流配电41,性能采集机房10_200快1
00441006000000200706,低压直流配电42,性能采集机房10_200快1
00441006000000200707,低压直流配电43,性能采集机房10_200快1
00441006000000200708,低压直流配电44,性能采集机房10_200快1
00441006000000200709,低压直流配电45,性能采集机房10_200快1
00441006000000200710,低压直流配电46,性能采集机房10_200快1
00441006000000200711,低压直流配电47,性能采集机房10_200快1
00441006000000200712,低压直流配电48,性能采集机房10_200快1
00441006000000200713,低压直流配电49,性能采集机房10_200快1
00441006000000200714,低压直流配电50,性能采集机房10_200快1
00441006000000200715,低压直流配电51,性能采集机房10_200快1
00441006000000200716,低压直流配电52,性能采集机房10_200快1
00441006000000200717,低压直流配电53,性能采集机房10_200快1
00441006000000200718,低压直流配电54,性能采集机房10_200快1
00441006000000200719,低压直流配电55,性能采集机房10_200快1
00441006000000200720,低压直流配电56,性能采集机房10_200快1
00441006000000200721,低压直流配电57,性能采集机房10_200快1
00441006000000200722,低压直流配电58,性能采集机房10_200快1
00441006000000200723,低压直流配电59,性能采集机房10_200快1
00441006000000200724,低压直流配电60,性能采集机房10_200快1
00441006000000200725,低压直流配电61,性能采集机房10_200快1
00441006000000200726,低压直流配电62,性能采集机房10_200快1
00441006000000200727,低压直流配电63,性能采集机房10_200快1
00441006000000200728,低压直流配电64,性能采集机房10_200快1
00441006000000200729,低压直流配电65,性能采集机房10_200快1
00441006000000200730,低压直流配电66,性能采集机房10_200快1
00441006000000200731,低压直流配电67,性能采集机房10_200快1
00441006000000200732,低压直流配电68,性能采集机房10_200快1
00441006000000200733,低压直流配电69,性能采集机房10_200快1
00441006000000200734,低压直流配电70,性能采集机房10_200快1
00441006000000200735,低压直流配电71,性能采集机房10_200快1
00441006000000200736,低压直流配电72,性能采集机房10_200快1
00441006000000200737,低压直流配电73,性能采集机房10_200快1
00441006000000200738,低压直流配电74,性能采集机房10_200快1
00441006000000200739,低压直流配电75,性能采集机房10_200快1
00441006000000200740,低压直流配电76,性能采集机房10_200快1
00441006000000200741,低压直流配电77,性能采集机房10_200快1
00441006000000200742,低压直流配电78,性能采集机房10_200快1
00441006000000200743,低压直流配电79,性能采集机房10_200快1
00441006000000200744,低压直流配电80,性能采集机房10_200快1
00441006000000200745,低压直流配电81,性能采集机房10_200快1
00441006000000200746,低压直流配电82,性能采集机房10_200快1
00441006000000200747,低压直流配电83,性能采集机房10_200快1
00441006000000200748,低压直流配电84,性能采集机房10_200快1
00441006000000200749,低压直流配电85,性能采集机房10_200快1
00441006000000200750,低压直流配电86,性能采集机房10_200快1
00441006000000200751,低压直流配电87,性能采集机房10_200快1
00441006000000200752,低压直流配电88,性能采集机房10_200快1
00441006000000200753,低压直流配电89,性能采集机房10_200快1
00441006000000200754,低压直流配电90,性能采集机房10_200快1
00441006000000200755,低压直流配电91,性能采集机房10_200快1
00441006000000200756,低压直流配电92,性能采集机房10_200快1
00441006000000200757,低压直流配电93,性能采集机房10_200快1
00441006000000200758,低压直流配电94,性能采集机房10_200快1
00441006000000200759,低压直流配电95,性能采集机房10_200快1
00441006000000200760,低压直流配电96,性能采集机房10_200快1
00441006000000200761,低压直流配电97,性能采集机房10_200快1
00441006000000200762,低压直流配电98,性能采集机房10_200快1
00441006000000200763,低压直流配电99,性能采集机房10_200快1
00441006000000200764,低压直流配电100,性能采集机房10_200快1
00441006000000200765,低压直流配电101,性能采集机房10_200快1
00441006000000200766,低压直流配电102,性能采集机房10_200快1
00441006000000200767,低压直流配电103,性能采集机房10_200快1
00441006000000200768,低压直流配电104,性能采集机房10_200快1
00441006000000200769,低压直流配电105,性能采集机房10_200快1
00441006000000200770,低压直流配电106,性能采集机房10_200快1
00441006000000200771,低压直流配电107,性能采集机房10_200快1
00441006000000200772,低压直流配电108,性能采集机房10_200快1
00441006000000200773,低压直流配电109,性能采集机房10_200快1
00441006000000200774,低压直流配电110,性能采集机房10_200快1
00441006000000200775,低压直流配电111,性能采集机房10_200快1
00441006000000200776,低压直流配电112,性能采集机房10_200快1
00441006000000200777,低压直流配电113,性能采集机房10_200快1
00441006000000200778,低压直流配电114,性能采集机房10_200快1
00441006000000200779,低压直流配电115,性能采集机房10_200快1
00441006000000200780,低压直流配电116,性能采集机房10_200快1
00441006000000200781,低压直流配电117,性能采集机房10_200快1
00441006000000200782,低压直流配电118,性能采集机房10_200快1
00441006000000200783,低压直流配电119,性能采集机房10_200快1
00441006000000200784,低压直流配电120,性能采集机房10_200快1
00441006000000200785,低压直流配电121,性能采集机房10_200快1
00441006000000200786,低压直流配电122,性能采集机房10_200快1
00441006000000200787,低压直流配电123,性能采集机房10_200快1
00441006000000200788,低压直流配电124,性能采集机房10_200快1
00441006000000200789,低压直流配电125,性能采集机房10_200快1
00441006000000200790,低压直流配电126,性能采集机房10_200快1
00441006000000200791,低压直流配电127,性能采集机房10_200快1
00441006000000200792,低压直流配电128,性能采集机房10_200快1
00441006000000200793,低压直流配电129,性能采集机房10_200快1
00441006000000200794,低压直流配电130,性能采集机房10_200快1
00441006000000200795,低压直流配电131,性能采集机房10_200快1
00441006000000200796,低压直流配电132,性能采集机房10_200快1
00441006000000200797,低压直流配电133,性能采集机房10_200快1
00441006000000200798,低压直流配电134,性能采集机房10_200快1
00441006000000200799,低压直流配电135,性能采集机房10_200快1
00441006000000200800,低压直流配电136,性能采集机房10_200快1
00441006000000200801,低压直流配电137,性能采集机房10_200快1
00441006000000200802,低压直流配电138,性能采集机房10_200快1
00441006000000200803,低压直流配电139,性能采集机房10_200快1
00441006000000200804,低压直流配电140,性能采集机房10_200快1
00441006000000200805,低压直流配电141,性能采集机房10_200快1
00441006000000200806,低压直流配电142,性能采集机房10_200快1
00441006000000200807,低压直流配电143,性能采集机房10_200快1
00441006000000200808,低压直流配电144,性能采集机房10_200快1
00441006000000200809,低压直流配电145,性能采集机房10_200快1
00441006000000200810,低压直流配电146,性能采集机房10_200快1
00441006000000200811,低压直流配电147,性能采集机房10_200快1
00441006000000200812,低压直流配电148,性能采集机房10_200快1
00441006000000200813,低压直流配电149,性能采集机房10_200快1
00441006000000200814,低压直流配电150,性能采集机房10_200快1
00441006000000200815,低压直流配电151,性能采集机房10_200快1
00441006000000200816,低压直流配电152,性能采集机房10_200快1
00441006000000200817,低压直流配电153,性能采集机房10_200快1
00441006000000200818,低压直流配电154,性能采集机房10_200快1
00441006000000200819,低压直流配电155,性能采集机房10_200快1
00441006000000200820,低压直流配电156,性能采集机房10_200快1
00441006000000200821,低压直流配电157,性能采集机房10_200快1
00441006000000200822,低压直流配电158,性能采集机房10_200快1
00441006000000200823,低压直流配电159,性能采集机房10_200快1
00441006000000200824,低压直流配电160,性能采集机房10_200快1
00441006000000200825,低压直流配电161,性能采集机房10_200快1
00441006000000200826,低压直流配电162,性能采集机房10_200快1
00441006000000200827,低压直流配电163,性能采集机房10_200快1
00441006000000200828,低压直流配电164,性能采集机房10_200快1
00441006000000200829,低压直流配电165,性能采集机房10_200快1
00441006000000200830,低压直流配电166,性能采集机房10_200快1
00441006000000200831,低压直流配电167,性能采集机房10_200快1
00441006000000200832,低压直流配电168,性能采集机房10_200快1
00441006000000200833,低压直流配电169,性能采集机房10_200快1
00441006000000200834,低压直流配电170,性能采集机房10_200快1
00441006000000200835,低压直流配电171,性能采集机房10_200快1
00441006000000200836,低压直流配电172,性能采集机房10_200快1
00441006000000200837,低压直流配电173,性能采集机房10_200快1
00441006000000200838,低压直流配电174,性能采集机房10_200快1
00441006000000200839,低压直流配电175,性能采集机房10_200快1
00441006000000200840,低压直流配电176,性能采集机房10_200快1
00441006000000200841,低压直流配电177,性能采集机房10_200快1
00441006000000200842,低压直流配电178,性能采集机房10_200快1
00441006000000200843,低压直流配电179,性能采集机房10_200快1
00441006000000200844,低压直流配电180,性能采集机房10_200快1
00441006000000200845,低压直流配电181,性能采集机房10_200快1
00441006000000200846,低压直流配电182,性能采集机房10_200快1
00441006000000200847,低压直流配电183,性能采集机房10_200快1
00441006000000200848,低压直流配电184,性能采集机房10_200快1
00441006000000200849,低压直流配电185,性能采集机房10_200快1
00441006000000200850,低压直流配电186,性能采集机房10_200快1
00441006000000200851,低压直流配电187,性能采集机房10_200快1
00441006000000200852,低压直流配电188,性能采集机房10_200快1
00441006000000200853,低压直流配电189,性能采集机房10_200快1
00441006000000200854,低压直流配电190,性能采集机房10_200快1
00441006000000200855,低压直流配电191,性能采集机房10_200快1
00441006000000200856,低压直流配电192,性能采集机房10_200快1
00441006000000200857,低压直流配电193,性能采集机房10_200快1
00441006000000200858,低压直流配电194,性能采集机房10_200快1
00441006000000200859,低压直流配电195,性能采集机房10_200快1
00441006000000200860,低压直流配电196,性能采集机房10_200快1
00441006000000200861,低压直流配电197,性能采集机房10_200快1
00441006000000200862,低压直流配电198,性能采集机房10_200快1
00441006000000200863,低压直流配电199,性能采集机房10_200快1
00441006000000200864,低压直流配电200,性能采集机房10_200快1
00441006000000200865,低压直流配电201,性能采集机房10_200快1
00441006000000200870,低压直流配电1,性能采集机房10_200快1
00441006000000200891,低压直流配电2,性能采集机房10_200快1
00441006000000200892,低压直流配电3,性能采集机房10_200快1
00441006000000200893,低压直流配电4,性能采集机房10_200快1
00441006000000200894,低压直流配电5,性能采集机房10_200快1
00441006000000200895,低压直流配电6,性能采集机房10_200快1
00441006000000200896,低压直流配电7,性能采集机房10_200快1
00441006000000200897,低压直流配电8,性能采集机房10_200快1
00441006000000200898,低压直流配电9,性能采集机房10_200快1
00441006000000200899,低压直流配电10,性能采集机房10_200快1
00441006000000200900,低压直流配电11,性能采集机房10_200快1
00441006000000200901,低压直流配电12,性能采集机房10_200快1
00441006000000200902,低压直流配电13,性能采集机房10_200快1
00441006000000200903,低压直流配电14,性能采集机房10_200快1
00441006000000200904,低压直流配电15,性能采集机房10_200快1
00441006000000200905,低压直流配电16,性能采集机房10_200快1
00441006000000200906,低压直流配电17,性能采集机房10_200快1
00441006000000200907,低压直流配电18,性能采集机房10_200快1
00441006000000200908,低压直流配电19,性能采集机房10_200快1
00441006000000200909,低压直流配电20,性能采集机房10_200快1
00441006000000200910,低压直流配电21,性能采集机房10_200快1
00441006000000200911,低压直流配电22,性能采集机房10_200快1
00441006000000200912,低压直流配电23,性能采集机房10_200快1
00441006000000200913,低压直流配电24,性能采集机房10_200快1
00441006000000200914,低压直流配电25,性能采集机房10_200快1
00441006000000200915,低压直流配电26,性能采集机房10_200快1
00441006000000200916,低压直流配电27,性能采集机房10_200快1
00441006000000200917,低压直流配电28,性能采集机房10_200快1
00441006000000200918,低压直流配电29,性能采集机房10_200快1
00441006000000200919,低压直流配电30,性能采集机房10_200快1
00441006000000200920,低压直流配电31,性能采集机房10_200快1
00441006000000200921,低压直流配电32,性能采集机房10_200快1
00441006000000200922,低压直流配电33,性能采集机房10_200快1
00441006000000200923,低压直流配电34,性能采集机房10_200快1
00441006000000200924,低压直流配电35,性能采集机房10_200快1
00441006000000200925,低压直流配电36,性能采集机房10_200快1
00441006000000200926,低压直流配电37,性能采集机房10_200快1
00441006000000200927,低压直流配电38,性能采集机房10_200快1
00441006000000200928,低压直流配电39,性能采集机房10_200快1
00441006000000200929,低压直流配电40,性能采集机房10_200快1
00441006000000200930,低压直流配电41,性能采集机房10_200快1
00441006000000200931,低压直流配电42,性能采集机房10_200快1
00441006000000200932,低压直流配电43,性能采集机房10_200快1
00441006000000200933,低压直流配电44,性能采集机房10_200快1
00441006000000200934,低压直流配电45,性能采集机房10_200快1
00441006000000200935,低压直流配电46,性能采集机房10_200快1
00441006000000200936,低压直流配电47,性能采集机房10_200快1
00441006000000200937,低压直流配电48,性能采集机房10_200快1
00441006000000200938,低压直流配电49,性能采集机房10_200快1
00441006000000200939,低压直流配电50,性能采集机房10_200快1
00441006000000200940,低压直流配电51,性能采集机房10_200快1
00441006000000200941,低压直流配电52,性能采集机房10_200快1
00441006000000200942,低压直流配电53,性能采集机房10_200快1
00441006000000200943,低压直流配电54,性能采集机房10_200快1
00441006000000200944,低压直流配电55,性能采集机房10_200快1
00441006000000200945,低压直流配电56,性能采集机房10_200快1
00441006000000200946,低压直流配电57,性能采集机房10_200快1
00441006000000200947,低压直流配电58,性能采集机房10_200快1
00441006000000200948,低压直流配电59,性能采集机房10_200快1
00441006000000200949,低压直流配电60,性能采集机房10_200快1
00441006000000200950,低压直流配电61,性能采集机房10_200快1
00441006000000200951,低压直流配电62,性能采集机房10_200快1
00441006000000200952,低压直流配电63,性能采集机房10_200快1
00441006000000200953,低压直流配电64,性能采集机房10_200快1
00441006000000200954,低压直流配电65,性能采集机房10_200快1
00441006000000200955,低压直流配电66,性能采集机房10_200快1
00441006000000200956,低压直流配电67,性能采集机房10_200快1
00441006000000200957,低压直流配电68,性能采集机房10_200快1
00441006000000200958,低压直流配电69,性能采集机房10_200快1
00441006000000200959,低压直流配电70,性能采集机房10_200快1
00441006000000200960,低压直流配电71,性能采集机房10_200快1
00441006000000200961,低压直流配电72,性能采集机房10_200快1
00441006000000200962,低压直流配电73,性能采集机房10_200快1
00441006000000200963,低压直流配电74,性能采集机房10_200快1
00441006000000200964,低压直流配电75,性能采集机房10_200快1
00441006000000200965,低压直流配电76,性能采集机房10_200快1
00441006000000200966,低压直流配电77,性能采集机房10_200快1
00441006000000200967,低压直流配电78,性能采集机房10_200快1
00441006000000200968,低压直流配电79,性能采集机房10_200快1
00441006000000200969,低压直流配电80,性能采集机房10_200快1
00441006000000200970,低压直流配电81,性能采集机房10_200快1
00441006000000200971,低压直流配电82,性能采集机房10_200快1
00441006000000200972,低压直流配电83,性能采集机房10_200快1
00441006000000200973,低压直流配电84,性能采集机房10_200快1
00441006000000200974,低压直流配电85,性能采集机房10_200快1
00441006000000200975,低压直流配电86,性能采集机房10_200快1
00441006000000200976,低压直流配电87,性能采集机房10_200快1
00441006000000200977,低压直流配电88,性能采集机房10_200快1
00441006000000200978,低压直流配电89,性能采集机房10_200快1
00441006000000200979,低压直流配电90,性能采集机房10_200快1
00441006000000200980,低压直流配电91,性能采集机房10_200快1
00441006000000200981,低压直流配电92,性能采集机房10_200快1
00441006000000200982,低压直流配电93,性能采集机房10_200快1
00441006000000200983,低压直流配电94,性能采集机房10_200快1
00441006000000200984,低压直流配电95,性能采集机房10_200快1
00441006000000200985,低压直流配电96,性能采集机房10_200快1
00441006000000200986,低压直流配电97,性能采集机房10_200快1
00441006000000200987,低压直流配电98,性能采集机房10_200快1
00441006000000200988,低压直流配电99,性能采集机房10_200快1
00441006000000200989,低压直流配电100,性能采集机房10_200快1
00441006000000200990,低压直流配电101,性能采集机房10_200快1
00441006000000200991,低压直流配电102,性能采集机房10_200快1
00441006000000200992,低压直流配电103,性能采集机房10_200快1
00441006000000200993,低压直流配电104,性能采集机房10_200快1
00441006000000200994,低压直流配电105,性能采集机房10_200快1
00441006000000200995,低压直流配电106,性能采集机房10_200快1
00441006000000200996,低压直流配电107,性能采集机房10_200快1
00441006000000200997,低压直流配电108,性能采集机房10_200快1
00441006000000200998,低压直流配电109,性能采集机房10_200快1
00441006000000200999,低压直流配电110,性能采集机房10_200快1
00441006000000201000,低压直流配电111,性能采集机房10_200快1
00441006000000201001,低压直流配电112,性能采集机房10_200快1
00441006000000201002,低压直流配电113,性能采集机房10_200快1
00441006000000201003,低压直流配电114,性能采集机房10_200快1
00441006000000201004,低压直流配电115,性能采集机房10_200快1
00441006000000201005,低压直流配电116,性能采集机房10_200快1
00441006000000201006,低压直流配电117,性能采集机房10_200快1
00441006000000201007,低压直流配电118,性能采集机房10_200快1
00441006000000201008,低压直流配电119,性能采集机房10_200快1
00441006000000201009,低压直流配电120,性能采集机房10_200快1
00441006000000201010,低压直流配电121,性能采集机房10_200快1
00441006000000201011,低压直流配电122,性能采集机房10_200快1
00441006000000201012,低压直流配电123,性能采集机房10_200快1
00441006000000201013,低压直流配电124,性能采集机房10_200快1
00441006000000201014,低压直流配电125,性能采集机房10_200快1
00441006000000201015,低压直流配电126,性能采集机房10_200快1
00441006000000201016,低压直流配电127,性能采集机房10_200快1
00441006000000201017,低压直流配电128,性能采集机房10_200快1
00441006000000201018,低压直流配电129,性能采集机房10_200快1
00441006000000201019,低压直流配电130,性能采集机房10_200快1
00441006000000201020,低压直流配电131,性能采集机房10_200快1
00441006000000201021,低压直流配电132,性能采集机房10_200快1
00441006000000201022,低压直流配电133,性能采集机房10_200快1
00441006000000201023,低压直流配电134,性能采集机房10_200快1
00441006000000201024,低压直流配电135,性能采集机房10_200快1
00441006000000201025,低压直流配电136,性能采集机房10_200快1
00441006000000201026,低压直流配电137,性能采集机房10_200快1
00441006000000201027,低压直流配电138,性能采集机房10_200快1
00441006000000201028,低压直流配电139,性能采集机房10_200快1
00441006000000201029,低压直流配电140,性能采集机房10_200快1
00441006000000201030,低压直流配电141,性能采集机房10_200快1
00441006000000201031,低压直流配电142,性能采集机房10_200快1
00441006000000201032,低压直流配电143,性能采集机房10_200快1
00441006000000201033,低压直流配电144,性能采集机房10_200快1
00441006000000201034,低压直流配电145,性能采集机房10_200快1
00441006000000201035,低压直流配电146,性能采集机房10_200快1
00441006000000201036,低压直流配电147,性能采集机房10_200快1
00441006000000201037,低压直流配电148,性能采集机房10_200快1
00441006000000201038,低压直流配电149,性能采集机房10_200快1
00441006000000201039,低压直流配电150,性能采集机房10_200快1
00441006000000201040,低压直流配电151,性能采集机房10_200快1
00441006000000201041,低压直流配电152,性能采集机房10_200快1
00441006000000201042,低压直流配电153,性能采集机房10_200快1
00441006000000201043,低压直流配电154,性能采集机房10_200快1
00441006000000201044,低压直流配电155,性能采集机房10_200快1
00441006000000201045,低压直流配电156,性能采集机房10_200快1
00441006000000201046,低压直流配电157,性能采集机房10_200快1
00441006000000201047,低压直流配电158,性能采集机房10_200快1
00441006000000201048,低压直流配电159,性能采集机房10_200快1
00441006000000201049,低压直流配电160,性能采集机房10_200快1
00441006000000201050,低压直流配电161,性能采集机房10_200快1
00441006000000201051,低压直流配电162,性能采集机房10_200快1
00441006000000201052,低压直流配电163,性能采集机房10_200快1
00441006000000201053,低压直流配电164,性能采集机房10_200快1
00441006000000201054,低压直流配电165,性能采集机房10_200快1
00441006000000201055,低压直流配电166,性能采集机房10_200快1
00441006000000201056,低压直流配电167,性能采集机房10_200快1
00441006000000201057,低压直流配电168,性能采集机房10_200快1
00441006000000201058,低压直流配电169,性能采集机房10_200快1
00441006000000201059,低压直流配电170,性能采集机房10_200快1
00441006000000201060,低压直流配电171,性能采集机房10_200快1
00441006000000201061,低压直流配电172,性能采集机房10_200快1
00441006000000201062,低压直流配电173,性能采集机房10_200快1
00441006000000201063,低压直流配电174,性能采集机房10_200快1
00441006000000201064,低压直流配电175,性能采集机房10_200快1
00441006000000201065,低压直流配电176,性能采集机房10_200快1
00441006000000201066,低压直流配电177,性能采集机房10_200快1
00441006000000201067,低压直流配电178,性能采集机房10_200快1
00441006000000201068,低压直流配电179,性能采集机房10_200快1
00441006000000201069,低压直流配电180,性能采集机房10_200快1
00441006000000201070,低压直流配电181,性能采集机房10_200快1
00441006000000201071,低压直流配电182,性能采集机房10_200快1
00441006000000201072,低压直流配电183,性能采集机房10_200快1
00441006000000201073,低压直流配电184,性能采集机房10_200快1
00441006000000201074,低压直流配电185,性能采集机房10_200快1
00441006000000201075,低压直流配电186,性能采集机房10_200快1
00441006000000201076,低压直流配电187,性能采集机房10_200快1
00441006000000201077,低压直流配电188,性能采集机房10_200快1
00441006000000201078,低压直流配电189,性能采集机房10_200快1
00441006000000201079,低压直流配电190,性能采集机房10_200快1
00441006000000201080,低压直流配电191,性能采集机房10_200快1
00441006000000201081,低压直流配电192,性能采集机房10_200快1
00441006000000201082,低压直流配电193,性能采集机房10_200快1
00441006000000201083,低压直流配电194,性能采集机房10_200快1
00441006000000201084,低压直流配电195,性能采集机房10_200快1
00441006000000201085,低压直流配电196,性能采集机房10_200快1
00441006000000201086,低压直流配电197,性能采集机房10_200快1
00441006000000201087,低压直流配电198,性能采集机房10_200快1
00441006000000201088,低压直流配电199,性能采集机房10_200快1
00441006000000201089,低压直流配电200,性能采集机房10_200快1
00441006000000201090,低压直流配电201,性能采集机房10_200快1
00441006000000201094,低压直流配电1,性能采集机房10_200快1
00441006000000201115,低压直流配电2,性能采集机房10_200快1
00441006000000201116,低压直流配电3,性能采集机房10_200快1
00441006000000201117,低压直流配电4,性能采集机房10_200快1
00441006000000201118,低压直流配电5,性能采集机房10_200快1
00441006000000201119,低压直流配电6,性能采集机房10_200快1
00441006000000201120,低压直流配电7,性能采集机房10_200快1
00441006000000201121,低压直流配电8,性能采集机房10_200快1
00441006000000201122,低压直流配电9,性能采集机房10_200快1
00441006000000201123,低压直流配电10,性能采集机房10_200快1
00441006000000201124,低压直流配电11,性能采集机房10_200快1
00441006000000201125,低压直流配电12,性能采集机房10_200快1
00441006000000201126,低压直流配电13,性能采集机房10_200快1
00441006000000201127,低压直流配电14,性能采集机房10_200快1
00441006000000201128,低压直流配电15,性能采集机房10_200快1
00441006000000201129,低压直流配电16,性能采集机房10_200快1
00441006000000201130,低压直流配电17,性能采集机房10_200快1
00441006000000201131,低压直流配电18,性能采集机房10_200快1
00441006000000201132,低压直流配电19,性能采集机房10_200快1
00441006000000201133,低压直流配电20,性能采集机房10_200快1
00441006000000201134,低压直流配电21,性能采集机房10_200快1
00441006000000201135,低压直流配电22,性能采集机房10_200快1
00441006000000201136,低压直流配电23,性能采集机房10_200快1
00441006000000201137,低压直流配电24,性能采集机房10_200快1
00441006000000201138,低压直流配电25,性能采集机房10_200快1
00441006000000201139,低压直流配电26,性能采集机房10_200快1
00441006000000201140,低压直流配电27,性能采集机房10_200快1
00441006000000201141,低压直流配电28,性能采集机房10_200快1
00441006000000201142,低压直流配电29,性能采集机房10_200快1
00441006000000201143,低压直流配电30,性能采集机房10_200快1
00441006000000201144,低压直流配电31,性能采集机房10_200快1
00441006000000201145,低压直流配电32,性能采集机房10_200快1
00441006000000201146,低压直流配电33,性能采集机房10_200快1
00441006000000201147,低压直流配电34,性能采集机房10_200快1
00441006000000201148,低压直流配电35,性能采集机房10_200快1
00441006000000201149,低压直流配电36,性能采集机房10_200快1
00441006000000201150,低压直流配电37,性能采集机房10_200快1
00441006000000201151,低压直流配电38,性能采集机房10_200快1
00441006000000201152,低压直流配电39,性能采集机房10_200快1
00441006000000201153,低压直流配电40,性能采集机房10_200快1
00441006000000201154,低压直流配电41,性能采集机房10_200快1
00441006000000201155,低压直流配电42,性能采集机房10_200快1
00441006000000201156,低压直流配电43,性能采集机房10_200快1
00441006000000201157,低压直流配电44,性能采集机房10_200快1
00441006000000201158,低压直流配电45,性能采集机房10_200快1
00441006000000201159,低压直流配电46,性能采集机房10_200快1
00441006000000201160,低压直流配电47,性能采集机房10_200快1
00441006000000201161,低压直流配电48,性能采集机房10_200快1
00441006000000201162,低压直流配电49,性能采集机房10_200快1
00441006000000201163,低压直流配电50,性能采集机房10_200快1
00441006000000201164,低压直流配电51,性能采集机房10_200快1
00441006000000201165,低压直流配电52,性能采集机房10_200快1
00441006000000201166,低压直流配电53,性能采集机房10_200快1
00441006000000201167,低压直流配电54,性能采集机房10_200快1
00441006000000201168,低压直流配电55,性能采集机房10_200快1
00441006000000201169,低压直流配电56,性能采集机房10_200快1
00441006000000201170,低压直流配电57,性能采集机房10_200快1
00441006000000201171,低压直流配电58,性能采集机房10_200快1
00441006000000201172,低压直流配电59,性能采集机房10_200快1
00441006000000201173,低压直流配电60,性能采集机房10_200快1
00441006000000201174,低压直流配电61,性能采集机房10_200快1
00441006000000201175,低压直流配电62,性能采集机房10_200快1
00441006000000201176,低压直流配电63,性能采集机房10_200快1
00441006000000201177,低压直流配电64,性能采集机房10_200快1
00441006000000201178,低压直流配电65,性能采集机房10_200快1
00441006000000201179,低压直流配电66,性能采集机房10_200快1
00441006000000201180,低压直流配电67,性能采集机房10_200快1
00441006000000201181,低压直流配电68,性能采集机房10_200快1
00441006000000201182,低压直流配电69,性能采集机房10_200快1
00441006000000201183,低压直流配电70,性能采集机房10_200快1
00441006000000201184,低压直流配电71,性能采集机房10_200快1
00441006000000201185,低压直流配电72,性能采集机房10_200快1
00441006000000201186,低压直流配电73,性能采集机房10_200快1
00441006000000201187,低压直流配电74,性能采集机房10_200快1
00441006000000201188,低压直流配电75,性能采集机房10_200快1
00441006000000201189,低压直流配电76,性能采集机房10_200快1
00441006000000201190,低压直流配电77,性能采集机房10_200快1
00441006000000201191,低压直流配电78,性能采集机房10_200快1
00441006000000201192,低压直流配电79,性能采集机房10_200快1
00441006000000201193,低压直流配电80,性能采集机房10_200快1
00441006000000201194,低压直流配电81,性能采集机房10_200快1
00441006000000201195,低压直流配电82,性能采集机房10_200快1
00441006000000201196,低压直流配电83,性能采集机房10_200快1
00441006000000201197,低压直流配电84,性能采集机房10_200快1
00441006000000201198,低压直流配电85,性能采集机房10_200快1
00441006000000201199,低压直流配电86,性能采集机房10_200快1
00441006000000201200,低压直流配电87,性能采集机房10_200快1
00441006000000201201,低压直流配电88,性能采集机房10_200快1
00441006000000201202,低压直流配电89,性能采集机房10_200快1
00441006000000201203,低压直流配电90,性能采集机房10_200快1
00441006000000201204,低压直流配电91,性能采集机房10_200快1
00441006000000201205,低压直流配电92,性能采集机房10_200快1
00441006000000201206,低压直流配电93,性能采集机房10_200快1
00441006000000201207,低压直流配电94,性能采集机房10_200快1
00441006000000201208,低压直流配电95,性能采集机房10_200快1
00441006000000201209,低压直流配电96,性能采集机房10_200快1
00441006000000201210,低压直流配电97,性能采集机房10_200快1
00441006000000201211,低压直流配电98,性能采集机房10_200快1
00441006000000201212,低压直流配电99,性能采集机房10_200快1
00441006000000201213,低压直流配电100,性能采集机房10_200快1
00441006000000201214,低压直流配电101,性能采集机房10_200快1
00441006000000201215,低压直流配电102,性能采集机房10_200快1
00441006000000201216,低压直流配电103,性能采集机房10_200快1
00441006000000201217,低压直流配电104,性能采集机房10_200快1
00441006000000201218,低压直流配电105,性能采集机房10_200快1
00441006000000201219,低压直流配电106,性能采集机房10_200快1
00441006000000201220,低压直流配电107,性能采集机房10_200快1
00441006000000201221,低压直流配电108,性能采集机房10_200快1
00441006000000201222,低压直流配电109,性能采集机房10_200快1
00441006000000201223,低压直流配电110,性能采集机房10_200快1
00441006000000201224,低压直流配电111,性能采集机房10_200快1
00441006000000201225,低压直流配电112,性能采集机房10_200快1
00441006000000201226,低压直流配电113,性能采集机房10_200快1
00441006000000201227,低压直流配电114,性能采集机房10_200快1
00441006000000201228,低压直流配电115,性能采集机房10_200快1
00441006000000201229,低压直流配电116,性能采集机房10_200快1
00441006000000201230,低压直流配电117,性能采集机房10_200快1
00441006000000201231,低压直流配电118,性能采集机房10_200快1
00441006000000201232,低压直流配电119,性能采集机房10_200快1
00441006000000201233,低压直流配电120,性能采集机房10_200快1
00441006000000201234,低压直流配电121,性能采集机房10_200快1
00441006000000201235,低压直流配电122,性能采集机房10_200快1
00441006000000201236,低压直流配电123,性能采集机房10_200快1
00441006000000201237,低压直流配电124,性能采集机房10_200快1
00441006000000201238,低压直流配电125,性能采集机房10_200快1
00441006000000201239,低压直流配电126,性能采集机房10_200快1
00441006000000201240,低压直流配电127,性能采集机房10_200快1
00441006000000201241,低压直流配电128,性能采集机房10_200快1
00441006000000201242,低压直流配电129,性能采集机房10_200快1
00441006000000201243,低压直流配电130,性能采集机房10_200快1
00441006000000201244,低压直流配电131,性能采集机房10_200快1
00441006000000201245,低压直流配电132,性能采集机房10_200快1
00441006000000201246,低压直流配电133,性能采集机房10_200快1
00441006000000201247,低压直流配电134,性能采集机房10_200快1
00441006000000201248,低压直流配电135,性能采集机房10_200快1
00441006000000201249,低压直流配电136,性能采集机房10_200快1
00441006000000201250,低压直流配电137,性能采集机房10_200快1
00441006000000201251,低压直流配电138,性能采集机房10_200快1
00441006000000201252,低压直流配电139,性能采集机房10_200快1
00441006000000201253,低压直流配电140,性能采集机房10_200快1
00441006000000201254,低压直流配电141,性能采集机房10_200快1
00441006000000201255,低压直流配电142,性能采集机房10_200快1
00441006000000201256,低压直流配电143,性能采集机房10_200快1
00441006000000201257,低压直流配电144,性能采集机房10_200快1
00441006000000201258,低压直流配电145,性能采集机房10_200快1
00441006000000201259,低压直流配电146,性能采集机房10_200快1
00441006000000201260,低压直流配电147,性能采集机房10_200快1
00441006000000201261,低压直流配电148,性能采集机房10_200快1
00441006000000201262,低压直流配电149,性能采集机房10_200快1
00441006000000201263,低压直流配电150,性能采集机房10_200快1
00441006000000201264,低压直流配电151,性能采集机房10_200快1
00441006000000201265,低压直流配电152,性能采集机房10_200快1
00441006000000201266,低压直流配电153,性能采集机房10_200快1
00441006000000201267,低压直流配电154,性能采集机房10_200快1
00441006000000201268,低压直流配电155,性能采集机房10_200快1
00441006000000201269,低压直流配电156,性能采集机房10_200快1
00441006000000201270,低压直流配电157,性能采集机房10_200快1
00441006000000201271,低压直流配电158,性能采集机房10_200快1
00441006000000201272,低压直流配电159,性能采集机房10_200快1
00441006000000201273,低压直流配电160,性能采集机房10_200快1
00441006000000201274,低压直流配电161,性能采集机房10_200快1
00441006000000201275,低压直流配电162,性能采集机房10_200快1
00441006000000201276,低压直流配电163,性能采集机房10_200快1
00441006000000201277,低压直流配电164,性能采集机房10_200快1
00441006000000201278,低压直流配电165,性能采集机房10_200快1
00441006000000201279,低压直流配电166,性能采集机房10_200快1
00441006000000201280,低压直流配电167,性能采集机房10_200快1
00441006000000201281,低压直流配电168,性能采集机房10_200快1
00441006000000201282,低压直流配电169,性能采集机房10_200快1
00441006000000201283,低压直流配电170,性能采集机房10_200快1
00441006000000201284,低压直流配电171,性能采集机房10_200快1
00441006000000201285,低压直流配电172,性能采集机房10_200快1
00441006000000201286,低压直流配电173,性能采集机房10_200快1
00441006000000201287,低压直流配电174,性能采集机房10_200快1
00441006000000201288,低压直流配电175,性能采集机房10_200快1
00441006000000201289,低压直流配电176,性能采集机房10_200快1
00441006000000201290,低压直流配电177,性能采集机房10_200快1
00441006000000201291,低压直流配电178,性能采集机房10_200快1
00441006000000201292,低压直流配电179,性能采集机房10_200快1
00441006000000201293,低压直流配电180,性能采集机房10_200快1
00441006000000201294,低压直流配电181,性能采集机房10_200快1
00441006000000201295,低压直流配电182,性能采集机房10_200快1
00441006000000201296,低压直流配电183,性能采集机房10_200快1
00441006000000201297,低压直流配电184,性能采集机房10_200快1
00441006000000201298,低压直流配电185,性能采集机房10_200快1
00441006000000201299,低压直流配电186,性能采集机房10_200快1
00441006000000201300,低压直流配电187,性能采集机房10_200快1
00441006000000201301,低压直流配电188,性能采集机房10_200快1
00441006000000201302,低压直流配电189,性能采集机房10_200快1
00441006000000201303,低压直流配电190,性能采集机房10_200快1
00441006000000201304,低压直流配电191,性能采集机房10_200快1
00441006000000201305,低压直流配电192,性能采集机房10_200快1
00441006000000201306,低压直流配电193,性能采集机房10_200快1
00441006000000201307,低压直流配电194,性能采集机房10_200快1
00441006000000201308,低压直流配电195,性能采集机房10_200快1
00441006000000201309,低压直流配电196,性能采集机房10_200快1
00441006000000201310,低压直流配电197,性能采集机房10_200快1
00441006000000201311,低压直流配电198,性能采集机房10_200快1
00441006000000201312,低压直流配电199,性能采集机房10_200快1
00441006000000201313,低压直流配电200,性能采集机房10_200快1
00441006000000201314,低压直流配电201,性能采集机房10_200快1
00441006000000201318,低压直流配电1,性能采集机房10_200快1
00441006000000201339,低压直流配电2,性能采集机房10_200快1
00441006000000201340,低压直流配电3,性能采集机房10_200快1
00441006000000201341,低压直流配电4,性能采集机房10_200快1
00441006000000201342,低压直流配电5,性能采集机房10_200快1
00441006000000201343,低压直流配电6,性能采集机房10_200快1
00441006000000201344,低压直流配电7,性能采集机房10_200快1
00441006000000201345,低压直流配电8,性能采集机房10_200快1
00441006000000201346,低压直流配电9,性能采集机房10_200快1
00441006000000201347,低压直流配电10,性能采集机房10_200快1
00441006000000201348,低压直流配电11,性能采集机房10_200快1
00441006000000201349,低压直流配电12,性能采集机房10_200快1
00441006000000201350,低压直流配电13,性能采集机房10_200快1
00441006000000201351,低压直流配电14,性能采集机房10_200快1
00441006000000201352,低压直流配电15,性能采集机房10_200快1
00441006000000201353,低压直流配电16,性能采集机房10_200快1
00441006000000201354,低压直流配电17,性能采集机房10_200快1
00441006000000201355,低压直流配电18,性能采集机房10_200快1
00441006000000201356,低压直流配电19,性能采集机房10_200快1
00441006000000201357,低压直流配电20,性能采集机房10_200快1
00441006000000201358,低压直流配电21,性能采集机房10_200快1
00441006000000201359,低压直流配电22,性能采集机房10_200快1
00441006000000201360,低压直流配电23,性能采集机房10_200快1
00441006000000201361,低压直流配电24,性能采集机房10_200快1
00441006000000201362,低压直流配电25,性能采集机房10_200快1
00441006000000201363,低压直流配电26,性能采集机房10_200快1
00441006000000201364,低压直流配电27,性能采集机房10_200快1
00441006000000201365,低压直流配电28,性能采集机房10_200快1
00441006000000201366,低压直流配电29,性能采集机房10_200快1
00441006000000201367,低压直流配电30,性能采集机房10_200快1
00441006000000201368,低压直流配电31,性能采集机房10_200快1
00441006000000201369,低压直流配电32,性能采集机房10_200快1
00441006000000201370,低压直流配电33,性能采集机房10_200快1
00441006000000201371,低压直流配电34,性能采集机房10_200快1
00441006000000201372,低压直流配电35,性能采集机房10_200快1
00441006000000201373,低压直流配电36,性能采集机房10_200快1
00441006000000201374,低压直流配电37,性能采集机房10_200快1
00441006000000201375,低压直流配电38,性能采集机房10_200快1
00441006000000201376,低压直流配电39,性能采集机房10_200快1
00441006000000201377,低压直流配电40,性能采集机房10_200快1
00441006000000201378,低压直流配电41,性能采集机房10_200快1
00441006000000201379,低压直流配电42,性能采集机房10_200快1
00441006000000201380,低压直流配电43,性能采集机房10_200快1
00441006000000201381,低压直流配电44,性能采集机房10_200快1
00441006000000201382,低压直流配电45,性能采集机房10_200快1
00441006000000201383,低压直流配电46,性能采集机房10_200快1
00441006000000201384,低压直流配电47,性能采集机房10_200快1
00441006000000201385,低压直流配电48,性能采集机房10_200快1
00441006000000201386,低压直流配电49,性能采集机房10_200快1
00441006000000201387,低压直流配电50,性能采集机房10_200快1
00441006000000201388,低压直流配电51,性能采集机房10_200快1
00441006000000201389,低压直流配电52,性能采集机房10_200快1
00441006000000201390,低压直流配电53,性能采集机房10_200快1
00441006000000201391,低压直流配电54,性能采集机房10_200快1
00441006000000201392,低压直流配电55,性能采集机房10_200快1
00441006000000201393,低压直流配电56,性能采集机房10_200快1
00441006000000201394,低压直流配电57,性能采集机房10_200快1
00441006000000201395,低压直流配电58,性能采集机房10_200快1
00441006000000201396,低压直流配电59,性能采集机房10_200快1
00441006000000201397,低压直流配电60,性能采集机房10_200快1
00441006000000201398,低压直流配电61,性能采集机房10_200快1
00441006000000201399,低压直流配电62,性能采集机房10_200快1
00441006000000201400,低压直流配电63,性能采集机房10_200快1
00441006000000201401,低压直流配电64,性能采集机房10_200快1
00441006000000201402,低压直流配电65,性能采集机房10_200快1
00441006000000201403,低压直流配电66,性能采集机房10_200快1
00441006000000201404,低压直流配电67,性能采集机房10_200快1
00441006000000201405,低压直流配电68,性能采集机房10_200快1
00441006000000201406,低压直流配电69,性能采集机房10_200快1
00441006000000201407,低压直流配电70,性能采集机房10_200快1
00441006000000201408,低压直流配电71,性能采集机房10_200快1
00441006000000201409,低压直流配电72,性能采集机房10_200快1
00441006000000201410,低压直流配电73,性能采集机房10_200快1
00441006000000201411,低压直流配电74,性能采集机房10_200快1
00441006000000201412,低压直流配电75,性能采集机房10_200快1
00441006000000201413,低压直流配电76,性能采集机房10_200快1
00441006000000201414,低压直流配电77,性能采集机房10_200快1
00441006000000201415,低压直流配电78,性能采集机房10_200快1
00441006000000201416,低压直流配电79,性能采集机房10_200快1
00441006000000201417,低压直流配电80,性能采集机房10_200快1
00441006000000201418,低压直流配电81,性能采集机房10_200快1
00441006000000201419,低压直流配电82,性能采集机房10_200快1
00441006000000201420,低压直流配电83,性能采集机房10_200快1
00441006000000201421,低压直流配电84,性能采集机房10_200快1
00441006000000201422,低压直流配电85,性能采集机房10_200快1
00441006000000201423,低压直流配电86,性能采集机房10_200快1
00441006000000201424,低压直流配电87,性能采集机房10_200快1
00441006000000201425,低压直流配电88,性能采集机房10_200快1
00441006000000201426,低压直流配电89,性能采集机房10_200快1
00441006000000201427,低压直流配电90,性能采集机房10_200快1
00441006000000201428,低压直流配电91,性能采集机房10_200快1
00441006000000201429,低压直流配电92,性能采集机房10_200快1
00441006000000201430,低压直流配电93,性能采集机房10_200快1
00441006000000201431,低压直流配电94,性能采集机房10_200快1
00441006000000201432,低压直流配电95,性能采集机房10_200快1
00441006000000201433,低压直流配电96,性能采集机房10_200快1
00441006000000201434,低压直流配电97,性能采集机房10_200快1
00441006000000201435,低压直流配电98,性能采集机房10_200快1
00441006000000201436,低压直流配电99,性能采集机房10_200快1
00441006000000201437,低压直流配电100,性能采集机房10_200快1
00441006000000201438,低压直流配电101,性能采集机房10_200快1
00441006000000201439,低压直流配电102,性能采集机房10_200快1
00441006000000201440,低压直流配电103,性能采集机房10_200快1
00441006000000201441,低压直流配电104,性能采集机房10_200快1
00441006000000201442,低压直流配电105,性能采集机房10_200快1
00441006000000201443,低压直流配电106,性能采集机房10_200快1
00441006000000201444,低压直流配电107,性能采集机房10_200快1
00441006000000201445,低压直流配电108,性能采集机房10_200快1
00441006000000201446,低压直流配电109,性能采集机房10_200快1
00441006000000201447,低压直流配电110,性能采集机房10_200快1
00441006000000201448,低压直流配电111,性能采集机房10_200快1
00441006000000201449,低压直流配电112,性能采集机房10_200快1
00441006000000201450,低压直流配电113,性能采集机房10_200快1
00441006000000201451,低压直流配电114,性能采集机房10_200快1
00441006000000201452,低压直流配电115,性能采集机房10_200快1
00441006000000201453,低压直流配电116,性能采集机房10_200快1
00441006000000201454,低压直流配电117,性能采集机房10_200快1
00441006000000201455,低压直流配电118,性能采集机房10_200快1
00441006000000201456,低压直流配电119,性能采集机房10_200快1
00441006000000201457,低压直流配电120,性能采集机房10_200快1
00441006000000201458,低压直流配电121,性能采集机房10_200快1
00441006000000201459,低压直流配电122,性能采集机房10_200快1
00441006000000201460,低压直流配电123,性能采集机房10_200快1
00441006000000201461,低压直流配电124,性能采集机房10_200快1
00441006000000201462,低压直流配电125,性能采集机房10_200快1
00441006000000201463,低压直流配电126,性能采集机房10_200快1
00441006000000201464,低压直流配电127,性能采集机房10_200快1
00441006000000201465,低压直流配电128,性能采集机房10_200快1
00441006000000201466,低压直流配电129,性能采集机房10_200快1
00441006000000201467,低压直流配电130,性能采集机房10_200快1
00441006000000201468,低压直流配电131,性能采集机房10_200快1
00441006000000201469,低压直流配电132,性能采集机房10_200快1
00441006000000201470,低压直流配电133,性能采集机房10_200快1
00441006000000201471,低压直流配电134,性能采集机房10_200快1
00441006000000201472,低压直流配电135,性能采集机房10_200快1
00441006000000201473,低压直流配电136,性能采集机房10_200快1
00441006000000201474,低压直流配电137,性能采集机房10_200快1
00441006000000201475,低压直流配电138,性能采集机房10_200快1
00441006000000201476,低压直流配电139,性能采集机房10_200快1
00441006000000201477,低压直流配电140,性能采集机房10_200快1
00441006000000201478,低压直流配电141,性能采集机房10_200快1
00441006000000201479,低压直流配电142,性能采集机房10_200快1
00441006000000201480,低压直流配电143,性能采集机房10_200快1
00441006000000201481,低压直流配电144,性能采集机房10_200快1
00441006000000201482,低压直流配电145,性能采集机房10_200快1
00441006000000201483,低压直流配电146,性能采集机房10_200快1
00441006000000201484,低压直流配电147,性能采集机房10_200快1
00441006000000201485,低压直流配电148,性能采集机房10_200快1
00441006000000201486,低压直流配电149,性能采集机房10_200快1
00441006000000201487,低压直流配电150,性能采集机房10_200快1
00441006000000201488,低压直流配电151,性能采集机房10_200快1
00441006000000201489,低压直流配电152,性能采集机房10_200快1
00441006000000201490,低压直流配电153,性能采集机房10_200快1
00441006000000201491,低压直流配电154,性能采集机房10_200快1
00441006000000201492,低压直流配电155,性能采集机房10_200快1
00441006000000201493,低压直流配电156,性能采集机房10_200快1
00441006000000201494,低压直流配电157,性能采集机房10_200快1
00441006000000201495,低压直流配电158,性能采集机房10_200快1
00441006000000201496,低压直流配电159,性能采集机房10_200快1
00441006000000201497,低压直流配电160,性能采集机房10_200快1
00441006000000201498,低压直流配电161,性能采集机房10_200快1
00441006000000201499,低压直流配电162,性能采集机房10_200快1
00441006000000201500,低压直流配电163,性能采集机房10_200快1
00441006000000201501,低压直流配电164,性能采集机房10_200快1
00441006000000201502,低压直流配电165,性能采集机房10_200快1
00441006000000201503,低压直流配电166,性能采集机房10_200快1
00441006000000201504,低压直流配电167,性能采集机房10_200快1
00441006000000201505,低压直流配电168,性能采集机房10_200快1
00441006000000201506,低压直流配电169,性能采集机房10_200快1
00441006000000201507,低压直流配电170,性能采集机房10_200快1
00441006000000201508,低压直流配电171,性能采集机房10_200快1
00441006000000201509,低压直流配电172,性能采集机房10_200快1
00441006000000201510,低压直流配电173,性能采集机房10_200快1
00441006000000201511,低压直流配电174,性能采集机房10_200快1
00441006000000201512,低压直流配电175,性能采集机房10_200快1
00441006000000201513,低压直流配电176,性能采集机房10_200快1
00441006000000201514,低压直流配电177,性能采集机房10_200快1
00441006000000201515,低压直流配电178,性能采集机房10_200快1
00441006000000201516,低压直流配电179,性能采集机房10_200快1
00441006000000201517,低压直流配电180,性能采集机房10_200快1
00441006000000201518,低压直流配电181,性能采集机房10_200快1
00441006000000201519,低压直流配电182,性能采集机房10_200快1
00441006000000201520,低压直流配电183,性能采集机房10_200快1
00441006000000201521,低压直流配电184,性能采集机房10_200快1
00441006000000201522,低压直流配电185,性能采集机房10_200快1
00441006000000201523,低压直流配电186,性能采集机房10_200快1
00441006000000201524,低压直流配电187,性能采集机房10_200快1
00441006000000201525,低压直流配电188,性能采集机房10_200快1
00441006000000201526,低压直流配电189,性能采集机房10_200快1
00441006000000201527,低压直流配电190,性能采集机房10_200快1
00441006000000201528,低压直流配电191,性能采集机房10_200快1
00441006000000201529,低压直流配电192,性能采集机房10_200快1
00441006000000201530,低压直流配电193,性能采集机房10_200快1
00441006000000201531,低压直流配电194,性能采集机房10_200快1
00441006000000201532,低压直流配电195,性能采集机房10_200快1
00441006000000201533,低压直流配电196,性能采集机房10_200快1
00441006000000201534,低压直流配电197,性能采集机房10_200快1
00441006000000201535,低压直流配电198,性能采集机房10_200快1
00441006000000201536,低压直流配电199,性能采集机房10_200快1
00441006000000201537,低压直流配电200,性能采集机房10_200快1
00441006000000201538,低压直流配电201,性能采集机房10_200快1
00441006000000201542,低压直流配电1,性能采集机房10_200快1
00441006000000201563,低压直流配电2,性能采集机房10_200快1
00441006000000201564,低压直流配电3,性能采集机房10_200快1
00441006000000201565,低压直流配电4,性能采集机房10_200快1
00441006000000201566,低压直流配电5,性能采集机房10_200快1
00441006000000201567,低压直流配电6,性能采集机房10_200快1
00441006000000201568,低压直流配电7,性能采集机房10_200快1
00441006000000201569,低压直流配电8,性能采集机房10_200快1
00441006000000201570,低压直流配电9,性能采集机房10_200快1
00441006000000201571,低压直流配电10,性能采集机房10_200快1
00441006000000201572,低压直流配电11,性能采集机房10_200快1
00441006000000201573,低压直流配电12,性能采集机房10_200快1
00441006000000201574,低压直流配电13,性能采集机房10_200快1
00441006000000201575,低压直流配电14,性能采集机房10_200快1
00441006000000201576,低压直流配电15,性能采集机房10_200快1
00441006000000201577,低压直流配电16,性能采集机房10_200快1
00441006000000201578,低压直流配电17,性能采集机房10_200快1
00441006000000201579,低压直流配电18,性能采集机房10_200快1
00441006000000201580,低压直流配电19,性能采集机房10_200快1
00441006000000201581,低压直流配电20,性能采集机房10_200快1
00441006000000201582,低压直流配电21,性能采集机房10_200快1
00441006000000201583,低压直流配电22,性能采集机房10_200快1
00441006000000201584,低压直流配电23,性能采集机房10_200快1
00441006000000201585,低压直流配电24,性能采集机房10_200快1
00441006000000201586,低压直流配电25,性能采集机房10_200快1
00441006000000201587,低压直流配电26,性能采集机房10_200快1
00441006000000201588,低压直流配电27,性能采集机房10_200快1
00441006000000201589,低压直流配电28,性能采集机房10_200快1
00441006000000201590,低压直流配电29,性能采集机房10_200快1
00441006000000201591,低压直流配电30,性能采集机房10_200快1
00441006000000201592,低压直流配电31,性能采集机房10_200快1
00441006000000201593,低压直流配电32,性能采集机房10_200快1
00441006000000201594,低压直流配电33,性能采集机房10_200快1
00441006000000201595,低压直流配电34,性能采集机房10_200快1
00441006000000201596,低压直流配电35,性能采集机房10_200快1
00441006000000201597,低压直流配电36,性能采集机房10_200快1
00441006000000201598,低压直流配电37,性能采集机房10_200快1
00441006000000201599,低压直流配电38,性能采集机房10_200快1
00441006000000201600,低压直流配电39,性能采集机房10_200快1
00441006000000201601,低压直流配电40,性能采集机房10_200快1
00441006000000201602,低压直流配电41,性能采集机房10_200快1
00441006000000201603,低压直流配电42,性能采集机房10_200快1
00441006000000201604,低压直流配电43,性能采集机房10_200快1
00441006000000201605,低压直流配电44,性能采集机房10_200快1
00441006000000201606,低压直流配电45,性能采集机房10_200快1
00441006000000201607,低压直流配电46,性能采集机房10_200快1
00441006000000201608,低压直流配电47,性能采集机房10_200快1
00441006000000201609,低压直流配电48,性能采集机房10_200快1
00441006000000201610,低压直流配电49,性能采集机房10_200快1
00441006000000201611,低压直流配电50,性能采集机房10_200快1
00441006000000201612,低压直流配电51,性能采集机房10_200快1
00441006000000201613,低压直流配电52,性能采集机房10_200快1
00441006000000201614,低压直流配电53,性能采集机房10_200快1
00441006000000201615,低压直流配电54,性能采集机房10_200快1
00441006000000201616,低压直流配电55,性能采集机房10_200快1
00441006000000201617,低压直流配电56,性能采集机房10_200快1
00441006000000201618,低压直流配电57,性能采集机房10_200快1
00441006000000201619,低压直流配电58,性能采集机房10_200快1
00441006000000201620,低压直流配电59,性能采集机房10_200快1
00441006000000201621,低压直流配电60,性能采集机房10_200快1
00441006000000201622,低压直流配电61,性能采集机房10_200快1
00441006000000201623,低压直流配电62,性能采集机房10_200快1
00441006000000201624,低压直流配电63,性能采集机房10_200快1
00441006000000201625,低压直流配电64,性能采集机房10_200快1
00441006000000201626,低压直流配电65,性能采集机房10_200快1
00441006000000201627,低压直流配电66,性能采集机房10_200快1
00441006000000201628,低压直流配电67,性能采集机房10_200快1
00441006000000201629,低压直流配电68,性能采集机房10_200快1
00441006000000201630,低压直流配电69,性能采集机房10_200快1
00441006000000201631,低压直流配电70,性能采集机房10_200快1
00441006000000201632,低压直流配电71,性能采集机房10_200快1
00441006000000201633,低压直流配电72,性能采集机房10_200快1
00441006000000201634,低压直流配电73,性能采集机房10_200快1
00441006000000201635,低压直流配电74,性能采集机房10_200快1
00441006000000201636,低压直流配电75,性能采集机房10_200快1
00441006000000201637,低压直流配电76,性能采集机房10_200快1
00441006000000201638,低压直流配电77,性能采集机房10_200快1
00441006000000201639,低压直流配电78,性能采集机房10_200快1
00441006000000201640,低压直流配电79,性能采集机房10_200快1
00441006000000201641,低压直流配电80,性能采集机房10_200快1
00441006000000201642,低压直流配电81,性能采集机房10_200快1
00441006000000201643,低压直流配电82,性能采集机房10_200快1
00441006000000201644,低压直流配电83,性能采集机房10_200快1
00441006000000201645,低压直流配电84,性能采集机房10_200快1
00441006000000201646,低压直流配电85,性能采集机房10_200快1
00441006000000201647,低压直流配电86,性能采集机房10_200快1
00441006000000201648,低压直流配电87,性能采集机房10_200快1
00441006000000201649,低压直流配电88,性能采集机房10_200快1
00441006000000201650,低压直流配电89,性能采集机房10_200快1
00441006000000201651,低压直流配电90,性能采集机房10_200快1
00441006000000201652,低压直流配电91,性能采集机房10_200快1
00441006000000201653,低压直流配电92,性能采集机房10_200快1
00441006000000201654,低压直流配电93,性能采集机房10_200快1
00441006000000201655,低压直流配电94,性能采集机房10_200快1
00441006000000201656,低压直流配电95,性能采集机房10_200快1
00441006000000201657,低压直流配电96,性能采集机房10_200快1
00441006000000201658,低压直流配电97,性能采集机房10_200快1
00441006000000201659,低压直流配电98,性能采集机房10_200快1
00441006000000201660,低压直流配电99,性能采集机房10_200快1
00441006000000201661,低压直流配电100,性能采集机房10_200快1
00441006000000201662,低压直流配电101,性能采集机房10_200快1
00441006000000201663,低压直流配电102,性能采集机房10_200快1
00441006000000201664,低压直流配电103,性能采集机房10_200快1
00441006000000201665,低压直流配电104,性能采集机房10_200快1
00441006000000201666,低压直流配电105,性能采集机房10_200快1
00441006000000201667,低压直流配电106,性能采集机房10_200快1
00441006000000201668,低压直流配电107,性能采集机房10_200快1
00441006000000201669,低压直流配电108,性能采集机房10_200快1
00441006000000201670,低压直流配电109,性能采集机房10_200快1
00441006000000201671,低压直流配电110,性能采集机房10_200快1
00441006000000201672,低压直流配电111,性能采集机房10_200快1
00441006000000201673,低压直流配电112,性能采集机房10_200快1
00441006000000201674,低压直流配电113,性能采集机房10_200快1
00441006000000201675,低压直流配电114,性能采集机房10_200快1
00441006000000201676,低压直流配电115,性能采集机房10_200快1
00441006000000201677,低压直流配电116,性能采集机房10_200快1
00441006000000201678,低压直流配电117,性能采集机房10_200快1
00441006000000201679,低压直流配电118,性能采集机房10_200快1
00441006000000201680,低压直流配电119,性能采集机房10_200快1
00441006000000201681,低压直流配电120,性能采集机房10_200快1
00441006000000201682,低压直流配电121,性能采集机房10_200快1
00441006000000201683,低压直流配电122,性能采集机房10_200快1
00441006000000201684,低压直流配电123,性能采集机房10_200快1
00441006000000201685,低压直流配电124,性能采集机房10_200快1
00441006000000201686,低压直流配电125,性能采集机房10_200快1
00441006000000201687,低压直流配电126,性能采集机房10_200快1
00441006000000201688,低压直流配电127,性能采集机房10_200快1
00441006000000201689,低压直流配电128,性能采集机房10_200快1
00441006000000201690,低压直流配电129,性能采集机房10_200快1
00441006000000201691,低压直流配电130,性能采集机房10_200快1
00441006000000201692,低压直流配电131,性能采集机房10_200快1
00441006000000201693,低压直流配电132,性能采集机房10_200快1
00441006000000201694,低压直流配电133,性能采集机房10_200快1
00441006000000201695,低压直流配电134,性能采集机房10_200快1
00441006000000201696,低压直流配电135,性能采集机房10_200快1
00441006000000201697,低压直流配电136,性能采集机房10_200快1
00441006000000201698,低压直流配电137,性能采集机房10_200快1
00441006000000201699,低压直流配电138,性能采集机房10_200快1
00441006000000201700,低压直流配电139,性能采集机房10_200快1
00441006000000201701,低压直流配电140,性能采集机房10_200快1
00441006000000201702,低压直流配电141,性能采集机房10_200快1
00441006000000201703,低压直流配电142,性能采集机房10_200快1
00441006000000201704,低压直流配电143,性能采集机房10_200快1
00441006000000201705,低压直流配电144,性能采集机房10_200快1
00441006000000201706,低压直流配电145,性能采集机房10_200快1
00441006000000201707,低压直流配电146,性能采集机房10_200快1
00441006000000201708,低压直流配电147,性能采集机房10_200快1
00441006000000201709,低压直流配电148,性能采集机房10_200快1
00441006000000201710,低压直流配电149,性能采集机房10_200快1
00441006000000201711,低压直流配电150,性能采集机房10_200快1
00441006000000201712,低压直流配电151,性能采集机房10_200快1
00441006000000201713,低压直流配电152,性能采集机房10_200快1
00441006000000201714,低压直流配电153,性能采集机房10_200快1
00441006000000201715,低压直流配电154,性能采集机房10_200快1
00441006000000201716,低压直流配电155,性能采集机房10_200快1
00441006000000201717,低压直流配电156,性能采集机房10_200快1
00441006000000201718,低压直流配电157,性能采集机房10_200快1
00441006000000201719,低压直流配电158,性能采集机房10_200快1
00441006000000201720,低压直流配电159,性能采集机房10_200快1
00441006000000201721,低压直流配电160,性能采集机房10_200快1
00441006000000201722,低压直流配电161,性能采集机房10_200快1
00441006000000201723,低压直流配电162,性能采集机房10_200快1
00441006000000201724,低压直流配电163,性能采集机房10_200快1
00441006000000201725,低压直流配电164,性能采集机房10_200快1
00441006000000201726,低压直流配电165,性能采集机房10_200快1
00441006000000201727,低压直流配电166,性能采集机房10_200快1
00441006000000201728,低压直流配电167,性能采集机房10_200快1
00441006000000201729,低压直流配电168,性能采集机房10_200快1
00441006000000201730,低压直流配电169,性能采集机房10_200快1
00441006000000201731,低压直流配电170,性能采集机房10_200快1
00441006000000201732,低压直流配电171,性能采集机房10_200快1
00441006000000201733,低压直流配电172,性能采集机房10_200快1
00441006000000201734,低压直流配电173,性能采集机房10_200快1
00441006000000201735,低压直流配电174,性能采集机房10_200快1
00441006000000201736,低压直流配电175,性能采集机房10_200快1
00441006000000201737,低压直流配电176,性能采集机房10_200快1
00441006000000201738,低压直流配电177,性能采集机房10_200快1
00441006000000201739,低压直流配电178,性能采集机房10_200快1
00441006000000201740,低压直流配电179,性能采集机房10_200快1
00441006000000201741,低压直流配电180,性能采集机房10_200快1
00441006000000201742,低压直流配电181,性能采集机房10_200快1
00441006000000201743,低压直流配电182,性能采集机房10_200快1
00441006000000201744,低压直流配电183,性能采集机房10_200快1
00441006000000201745,低压直流配电184,性能采集机房10_200快1
00441006000000201746,低压直流配电185,性能采集机房10_200快1
00441006000000201747,低压直流配电186,性能采集机房10_200快1
00441006000000201748,低压直流配电187,性能采集机房10_200快1
00441006000000201749,低压直流配电188,性能采集机房10_200快1
00441006000000201750,低压直流配电189,性能采集机房10_200快1
00441006000000201751,低压直流配电190,性能采集机房10_200快1
00441006000000201752,低压直流配电191,性能采集机房10_200快1
00441006000000201753,低压直流配电192,性能采集机房10_200快1
00441006000000201754,低压直流配电193,性能采集机房10_200快1
00441006000000201755,低压直流配电194,性能采集机房10_200快1
00441006000000201756,低压直流配电195,性能采集机房10_200快1
00441006000000201757,低压直流配电196,性能采集机房10_200快1
